laplace_correction,estimation_mode,bandwidth_selection,bandwidth,minimum_bandwidth,number_of_kernels,use_application_grid,application_grid_size,PREC_AT_99_REC
True,full,heuristic,0.001,0.001,1,True,10,0.7566
True,full,heuristic,0.001,0.001,4,True,200,0.7389
True,full,heuristic,0.001,5,50,True,10000,0.7563
True,full,heuristic,50,0.001,1000,False,10000,0.7566
True,full,heuristic,50,0.5,1,True,10,0.7566
True,full,heuristic,50,0.5,1,True,200,0.7389
True,full,heuristic,50,0.5,1,True,1000,0.7554
True,full,heuristic,50,0.5,1,True,10000,0.7563
True,full,heuristic,50,0.5,1,False,10,0.7566
True,full,heuristic,50,0.5,1,False,200,0.7566
True,full,heuristic,50,0.5,1,False,1000,0.7566
True,full,heuristic,50,0.5,1,False,10000,0.7566
True,full,heuristic,50,0.5,4,True,10,0.7566
True,full,heuristic,0.001,5,50,False,10,0.7566
True,full,heuristic,50,0.5,4,True,200,0.7389
True,full,heuristic,50,0.5,50,True,200,0.7389
True,full,heuristic,50,0.5,50,True,1000,0.7554
True,full,heuristic,0.001,5,50,False,200,0.7566
True,full,heuristic,50,0.5,50,True,10000,0.7563
True,full,heuristic,50,0.5,50,False,200,0.7566
True,full,heuristic,50,0.5,50,False,1000,0.7566
True,full,heuristic,50,0.5,50,False,10000,0.7566
True,full,heuristic,50,0.5,100,True,10,0.7566
True,full,heuristic,50,0.5,100,True,200,0.7389
True,full,heuristic,50,0.5,100,True,1000,0.7554
True,full,heuristic,50,0.5,100,True,10000,0.7563
True,full,heuristic,50,0.5,100,False,10,0.7566
True,full,heuristic,0.001,5,50,False,1000,0.7566
True,full,heuristic,50,0.5,100,False,200,0.7566
True,full,heuristic,50,0.5,100,False,1000,0.7566
True,full,heuristic,50,0.5,100,False,10000,0.7566
True,full,heuristic,50,0.5,1000,True,10,0.7566
True,full,heuristic,50,0.5,1000,True,200,0.7389
True,full,heuristic,50,0.5,1000,True,1000,0.7554
True,full,heuristic,50,0.5,1000,True,10000,0.7563
True,full,heuristic,50,0.5,1000,False,10,0.7566
True,full,heuristic,50,0.5,1000,False,200,0.7566
True,full,heuristic,50,0.5,1000,False,1000,0.7566
True,full,heuristic,0.001,5,50,False,10000,0.7566
True,full,heuristic,50,0.5,1000,False,10000,0.7566
True,full,heuristic,50,5,1,True,10,0.7566
True,full,heuristic,50,5,1,True,200,0.7389
True,full,heuristic,50,5,1,True,1000,0.7554
True,full,heuristic,50,5,1,True,10000,0.7563
True,full,heuristic,50,5,1,False,10,0.7566
True,full,heuristic,50,5,1,False,200,0.7566
True,full,heuristic,50,5,1,False,1000,0.7566
True,full,heuristic,50,5,1,False,10000,0.7566
True,full,heuristic,50,5,4,True,10,0.7566
True,full,heuristic,0.001,5,100,True,10,0.7566
True,full,heuristic,50,5,4,True,200,0.7389
True,full,heuristic,50,5,4,True,1000,0.7554
True,full,heuristic,50,5,4,True,10000,0.7563
True,full,heuristic,50,5,4,False,10,0.7566
True,full,heuristic,50,5,4,False,200,0.7566
True,full,heuristic,50,5,4,False,1000,0.7566
True,full,heuristic,50,5,4,False,10000,0.7566
True,full,heuristic,50,5,50,True,10,0.7566
True,full,heuristic,50,5,50,True,200,0.7389
True,full,heuristic,50,5,50,True,1000,0.7554
True,full,heuristic,0.001,5,100,True,200,0.7389
True,full,heuristic,50,5,50,True,10000,0.7563
True,full,heuristic,50,5,50,False,10,0.7566
True,full,heuristic,50,5,50,False,200,0.7566
True,full,heuristic,50,5,50,False,1000,0.7566
True,full,heuristic,50,5,50,False,10000,0.7566
True,full,heuristic,50,5,100,True,10,0.7566
True,full,heuristic,50,5,100,True,200,0.7389
True,full,heuristic,50,5,100,True,1000,0.7554
True,full,heuristic,50,5,100,True,10000,0.7563
True,full,heuristic,50,5,100,False,10,0.7566
True,full,heuristic,0.001,5,100,True,1000,0.7554
True,full,heuristic,50,5,1000,False,10,0.7566
True,full,heuristic,50,5,1000,False,200,0.7566
True,full,heuristic,50,5,1000,False,1000,0.7566
True,full,heuristic,0.001,5,100,True,10000,0.7563
True,full,heuristic,50,5,1000,False,10000,0.7566
True,full,heuristic,50,50,1,True,10,0.7566
True,full,heuristic,50,50,1,True,200,0.7389
True,full,heuristic,50,50,1,True,1000,0.7554
True,full,heuristic,50,50,1,True,10000,0.7563
True,full,heuristic,50,50,1,False,10,0.7566
True,full,heuristic,50,50,1,False,200,0.7566
True,full,heuristic,50,50,1,False,1000,0.7566
True,full,heuristic,50,50,1,False,10000,0.7566
True,full,heuristic,50,50,4,True,10,0.7566
True,full,heuristic,0.001,5,100,False,10,0.7566
True,full,heuristic,50,50,4,True,200,0.7389
True,full,heuristic,50,50,4,True,1000,0.7554
True,full,heuristic,50,50,4,True,10000,0.7563
True,full,heuristic,50,50,4,False,10,0.7566
True,full,heuristic,50,50,4,False,200,0.7566
True,full,heuristic,50,50,4,False,1000,0.7566
True,full,heuristic,50,50,50,True,10,0.7566
True,full,heuristic,50,50,50,True,200,0.7389
True,full,heuristic,0.001,0.001,4,True,1000,0.7554
True,full,heuristic,0.001,5,100,False,200,0.7566
True,full,heuristic,50,50,50,False,200,0.7566
True,full,heuristic,50,50,50,False,1000,0.7566
True,full,heuristic,50,50,50,False,10000,0.7566
True,full,heuristic,50,50,100,True,10,0.7566
True,full,heuristic,50,50,100,True,200,0.7389
True,full,heuristic,50,50,100,True,1000,0.7554
True,full,heuristic,50,50,100,True,10000,0.7563
True,full,heuristic,50,50,100,False,10,0.7566
True,full,heuristic,0.001,5,100,False,1000,0.7566
True,full,heuristic,50,50,100,False,200,0.7566
True,full,heuristic,50,50,100,False,1000,0.7566
True,full,heuristic,50,50,100,False,10000,0.7566
True,full,heuristic,50,50,1000,True,10,0.7566
True,full,heuristic,50,50,1000,True,200,0.7389
True,full,heuristic,50,50,1000,True,1000,0.7554
True,full,heuristic,50,50,1000,True,10000,0.7563
True,full,heuristic,50,50,1000,False,10,0.7566
True,full,heuristic,50,50,1000,False,200,0.7566
True,full,heuristic,50,50,1000,False,1000,0.7566
True,full,heuristic,0.001,5,100,False,10000,0.7566
True,full,heuristic,50,50,1000,False,10000,0.7566
True,full,heuristic,50,100,1,True,10,0.7566
True,full,heuristic,50,100,1,True,200,0.7389
True,full,heuristic,50,100,1,True,1000,0.7554
True,full,heuristic,50,100,1,True,10000,0.7563
True,full,heuristic,50,100,1,False,10,0.7566
True,full,heuristic,50,100,1,False,200,0.7566
True,full,heuristic,50,100,1,False,1000,0.7566
True,full,heuristic,50,100,1,False,10000,0.7566
True,full,heuristic,0.001,5,1000,True,10,0.7566
True,full,heuristic,50,100,4,True,200,0.7389
True,full,heuristic,50,100,4,True,1000,0.7554
True,full,heuristic,50,100,4,True,10000,0.7563
True,full,heuristic,50,100,4,False,10,0.7566
True,full,heuristic,50,100,4,False,200,0.7566
True,full,heuristic,50,100,4,False,1000,0.7566
True,full,heuristic,50,100,4,False,10000,0.7566
True,full,heuristic,50,100,50,True,10,0.7566
True,full,heuristic,50,100,50,True,200,0.7389
True,full,heuristic,50,100,50,True,1000,0.7554
True,full,heuristic,0.001,5,1000,True,200,0.7389
True,full,heuristic,50,100,50,True,10000,0.7563
True,full,heuristic,50,100,50,False,10,0.7566
True,full,heuristic,50,100,50,False,200,0.7566
True,full,heuristic,0.001,5,1000,True,1000,0.7554
True,full,heuristic,50,100,1000,True,200,0.7389
True,full,heuristic,50,100,1000,True,1000,0.7554
True,full,heuristic,50,100,1000,True,10000,0.7563
True,full,heuristic,50,100,1000,False,10,0.7566
True,full,heuristic,50,100,1000,False,200,0.7566
True,full,heuristic,50,100,1000,False,1000,0.7566
True,full,heuristic,0.001,5,1000,True,10000,0.7563
True,full,heuristic,50,100,1000,False,10000,0.7566
True,full,heuristic,50,1000,1,True,10,0.7566
True,full,heuristic,50,1000,1,True,200,0.7389
True,full,heuristic,50,1000,1,True,1000,0.7554
True,full,heuristic,50,1000,1,True,10000,0.7563
True,full,heuristic,50,1000,1,False,10,0.7566
True,full,heuristic,50,1000,1,False,200,0.7566
True,full,heuristic,50,1000,1,False,1000,0.7566
True,full,heuristic,50,1000,1,False,10000,0.7566
True,full,heuristic,0.001,5,1000,False,10,0.7566
True,full,heuristic,50,1000,4,True,200,0.7389
True,full,heuristic,50,1000,4,True,1000,0.7554
True,full,heuristic,50,1000,4,True,10000,0.7563
True,full,heuristic,0.001,5,1000,False,200,0.7566
True,full,heuristic,50,1000,50,False,200,0.7566
True,full,heuristic,50,1000,50,False,1000,0.7566
True,full,heuristic,50,1000,50,False,10000,0.7566
True,full,heuristic,50,1000,100,True,10,0.7566
True,full,heuristic,50,1000,100,True,200,0.7389
True,full,heuristic,50,1000,100,True,1000,0.7554
True,full,heuristic,50,1000,100,True,10000,0.7563
True,full,heuristic,50,1000,100,False,10,0.7566
True,full,heuristic,0.001,5,1000,False,1000,0.7566
True,full,heuristic,50,1000,100,False,200,0.7566
True,full,heuristic,50,1000,100,False,1000,0.7566
True,full,heuristic,50,1000,100,False,10000,0.7566
True,full,heuristic,50,1000,1000,True,10,0.7566
True,full,heuristic,50,1000,1000,True,200,0.7389
True,full,heuristic,50,1000,1000,True,1000,0.7554
True,full,heuristic,50,1000,1000,True,10000,0.7563
True,full,heuristic,50,1000,1000,False,10,0.7566
True,full,heuristic,50,1000,1000,False,200,0.7566
True,full,heuristic,50,1000,1000,False,1000,0.7566
True,full,heuristic,0.001,0.001,4,True,10000,0.7563
True,full,heuristic,50,1000,1000,False,10000,0.7566
True,full,heuristic,100,0.001,1,True,10,0.7566
True,full,heuristic,100,0.001,1,True,200,0.7389
True,full,heuristic,100,0.001,1,True,1000,0.7554
True,full,heuristic,100,0.001,1,True,10000,0.7563
True,full,heuristic,100,0.001,1,False,10,0.7566
True,full,heuristic,100,0.001,1,False,200,0.7566
True,full,heuristic,100,0.001,1,False,1000,0.7566
True,full,heuristic,100,0.001,1,False,10000,0.7566
True,full,heuristic,0.001,50,1,True,10,0.7566
True,full,heuristic,100,0.001,100,True,1000,0.7554
True,full,heuristic,100,0.001,100,True,10000,0.7563
True,full,heuristic,100,0.001,100,False,10,0.7566
True,full,heuristic,100,0.001,100,False,200,0.7566
True,full,heuristic,100,0.001,100,False,1000,0.7566
True,full,heuristic,100,0.001,1000,True,10,0.7566
True,full,heuristic,100,0.001,1000,True,1000,0.7554
True,full,heuristic,100,0.001,1000,True,10000,0.7563
True,full,heuristic,100,0.001,1000,False,10,0.7566
True,full,heuristic,100,0.001,1000,False,200,0.7566
True,full,heuristic,100,0.001,1000,False,1000,0.7566
True,full,heuristic,100,0.001,1000,False,10000,0.7566
True,full,heuristic,100,0.5,1,True,10,0.7566
True,full,heuristic,100,0.5,1,True,200,0.7389
True,full,heuristic,100,0.5,1,True,1000,0.7554
True,full,heuristic,100,0.5,1,True,10000,0.7563
True,full,heuristic,100,0.5,1,False,10,0.7566
True,full,heuristic,100,0.5,1,False,200,0.7566
True,full,heuristic,100,0.5,1,False,1000,0.7566
True,full,heuristic,100,0.5,1,False,10000,0.7566
True,full,heuristic,100,0.5,4,True,10,0.7566
True,full,heuristic,100,0.5,4,True,200,0.7389
True,full,heuristic,100,0.5,4,True,1000,0.7554
True,full,heuristic,100,0.5,4,True,10000,0.7563
True,full,heuristic,0.001,50,1,False,200,0.7566
True,full,heuristic,100,0.5,100,True,1000,0.7554
True,full,heuristic,100,0.5,100,True,10000,0.7563
True,full,heuristic,0.001,50,1,False,1000,0.7566
True,full,heuristic,100,0.5,100,False,200,0.7566
True,full,heuristic,100,0.5,1000,False,10,0.7566
True,full,heuristic,100,0.5,1000,False,200,0.7566
True,full,heuristic,100,0.5,1000,False,1000,0.7566
True,full,heuristic,0.001,50,1,False,10000,0.7566
True,full,heuristic,100,0.5,1000,False,10000,0.7566
True,full,heuristic,100,5,1,True,10,0.7566
True,full,heuristic,100,5,1,True,200,0.7389
True,full,heuristic,100,5,1,True,1000,0.7554
True,full,heuristic,100,5,1,True,10000,0.7563
True,full,heuristic,100,5,1,False,10,0.7566
True,full,heuristic,100,5,1,False,200,0.7566
True,full,heuristic,100,5,1,False,1000,0.7566
True,full,heuristic,100,5,1,False,10000,0.7566
True,full,heuristic,100,5,4,True,10,0.7566
True,full,heuristic,0.001,50,4,True,10,0.7566
True,full,heuristic,100,5,4,True,200,0.7389
True,full,heuristic,100,5,4,True,1000,0.7554
True,full,heuristic,100,5,4,True,10000,0.7563
True,full,heuristic,0.001,0.001,4,False,10,0.7566
True,full,heuristic,0.001,50,4,True,200,0.7389
True,full,heuristic,100,5,50,False,10,0.7566
True,full,heuristic,100,5,50,False,200,0.7566
True,full,heuristic,100,5,100,True,1000,0.7554
True,full,heuristic,100,5,100,True,10000,0.7563
True,full,heuristic,100,5,100,False,10,0.7566
True,full,heuristic,0.001,50,4,True,1000,0.7554
True,full,heuristic,100,5,100,False,200,0.7566
True,full,heuristic,100,5,100,False,1000,0.7566
True,full,heuristic,100,5,100,False,10000,0.7566
True,full,heuristic,100,5,1000,True,10,0.7566
True,full,heuristic,100,5,1000,True,200,0.7389
True,full,heuristic,100,5,1000,True,1000,0.7554
True,full,heuristic,100,5,1000,True,10000,0.7563
True,full,heuristic,100,5,1000,False,10,0.7566
True,full,heuristic,100,5,1000,False,200,0.7566
True,full,heuristic,100,5,1000,False,1000,0.7566
True,full,heuristic,0.001,50,4,True,10000,0.7563
True,full,heuristic,100,5,1000,False,10000,0.7566
True,full,heuristic,100,50,1,True,10,0.7566
True,full,heuristic,100,50,1,True,200,0.7389
True,full,heuristic,100,50,1,True,1000,0.7554
True,full,heuristic,100,50,1,True,10000,0.7563
True,full,heuristic,100,50,1,False,10,0.7566
True,full,heuristic,100,50,1,False,200,0.7566
True,full,heuristic,100,50,1,False,1000,0.7566
True,full,heuristic,100,50,1,False,10000,0.7566
True,full,heuristic,100,50,4,True,10,0.7566
True,full,heuristic,0.001,50,4,False,10,0.7566
True,full,heuristic,100,50,4,True,200,0.7389
True,full,heuristic,100,50,4,True,1000,0.7554
True,full,heuristic,100,50,4,True,10000,0.7563
True,full,heuristic,100,50,4,False,10,0.7566
True,full,heuristic,100,50,4,False,200,0.7566
True,full,heuristic,100,50,4,False,1000,0.7566
True,full,heuristic,100,50,4,False,10000,0.7566
True,full,heuristic,100,50,50,True,10,0.7566
True,full,heuristic,100,50,50,True,200,0.7389
True,full,heuristic,100,50,50,True,1000,0.7554
True,full,heuristic,0.001,50,4,False,200,0.7566
True,full,heuristic,100,50,50,True,10000,0.7563
True,full,heuristic,100,50,50,False,10,0.7566
True,full,heuristic,100,50,50,False,200,0.7566
True,full,heuristic,100,50,50,False,10000,0.7566
True,full,heuristic,100,50,100,True,10,0.7566
True,full,heuristic,100,50,100,True,200,0.7389
True,full,heuristic,100,50,100,True,1000,0.7554
True,full,heuristic,100,50,100,True,10000,0.7563
True,full,heuristic,0.001,50,4,False,1000,0.7566
True,full,heuristic,100,50,100,False,200,0.7566
True,full,heuristic,100,50,100,False,1000,0.7566
True,full,heuristic,100,50,1000,True,200,0.7389
True,full,heuristic,0.001,50,4,False,10000,0.7566
True,full,heuristic,100,100,1,True,10,0.7566
True,full,heuristic,100,100,1,True,200,0.7389
True,full,heuristic,100,100,1,True,1000,0.7554
True,full,heuristic,100,100,1,True,10000,0.7563
True,full,heuristic,100,100,1,False,10,0.7566
True,full,heuristic,100,100,1,False,200,0.7566
True,full,heuristic,100,100,1,False,1000,0.7566
True,full,heuristic,100,100,1,False,10000,0.7566
True,full,heuristic,100,100,4,True,10,0.7566
True,full,heuristic,0.001,50,50,True,10,0.7566
True,full,heuristic,100,100,4,True,200,0.7389
True,full,heuristic,100,100,4,True,1000,0.7554
True,full,heuristic,100,100,4,True,10000,0.7563
True,full,heuristic,100,100,4,False,10,0.7566
True,full,heuristic,100,100,4,False,200,0.7566
True,full,heuristic,100,100,4,False,1000,0.7566
True,full,heuristic,100,100,4,False,10000,0.7566
True,full,heuristic,100,100,50,True,10,0.7566
True,full,heuristic,100,100,50,True,200,0.7389
True,full,heuristic,100,100,50,True,1000,0.7554
True,full,heuristic,0.001,50,50,True,200,0.7389
True,full,heuristic,100,100,50,True,10000,0.7563
True,full,heuristic,100,100,50,False,10,0.7566
True,full,heuristic,100,100,50,False,200,0.7566
True,full,heuristic,100,100,50,False,1000,0.7566
True,full,heuristic,100,100,50,False,10000,0.7566
True,full,heuristic,100,100,100,True,10,0.7566
True,full,heuristic,100,100,100,True,200,0.7389
True,full,heuristic,100,100,100,True,1000,0.7554
True,full,heuristic,100,100,100,True,10000,0.7563
True,full,heuristic,100,100,100,False,10,0.7566
True,full,heuristic,0.001,50,50,True,1000,0.7554
True,full,heuristic,100,100,100,False,200,0.7566
True,full,heuristic,100,100,100,False,1000,0.7566
True,full,heuristic,100,100,100,False,10000,0.7566
True,full,heuristic,100,100,1000,True,10,0.7566
True,full,heuristic,100,100,1000,True,200,0.7389
True,full,heuristic,100,100,1000,True,1000,0.7554
True,full,heuristic,100,100,1000,True,10000,0.7563
True,full,heuristic,100,100,1000,False,10,0.7566
True,full,heuristic,100,100,1000,False,200,0.7566
True,full,heuristic,100,100,1000,False,1000,0.7566
True,full,heuristic,0.001,0.001,4,False,200,0.7566
True,full,heuristic,0.001,50,50,True,10000,0.7563
True,full,heuristic,100,100,1000,False,10000,0.7566
True,full,heuristic,100,1000,1,True,10,0.7566
True,full,heuristic,100,1000,1,True,200,0.7389
True,full,heuristic,100,1000,1,True,1000,0.7554
True,full,heuristic,100,1000,1,True,10000,0.7563
True,full,heuristic,100,1000,1,False,10,0.7566
True,full,heuristic,100,1000,1,False,200,0.7566
True,full,heuristic,100,1000,1,False,1000,0.7566
True,full,heuristic,100,1000,1,False,10000,0.7566
True,full,heuristic,100,1000,4,True,10,0.7566
True,full,heuristic,0.001,50,50,False,10,0.7566
True,full,heuristic,100,1000,4,True,200,0.7389
True,full,heuristic,100,1000,4,True,1000,0.7554
True,full,heuristic,100,1000,4,True,10000,0.7563
True,full,heuristic,100,1000,4,False,10,0.7566
True,full,heuristic,100,1000,4,False,200,0.7566
True,full,heuristic,100,1000,4,False,10000,0.7566
True,full,heuristic,100,1000,50,True,10,0.7566
True,full,heuristic,100,1000,50,True,200,0.7389
True,full,heuristic,100,1000,50,True,1000,0.7554
True,full,heuristic,0.001,50,50,False,200,0.7566
True,full,heuristic,100,1000,50,True,10000,0.7563
True,full,heuristic,100,1000,50,False,10,0.7566
True,full,heuristic,100,1000,50,False,200,0.7566
True,full,heuristic,100,1000,50,False,1000,0.7566
True,full,heuristic,100,1000,50,False,10000,0.7566
True,full,heuristic,100,1000,100,True,10,0.7566
True,full,heuristic,100,1000,100,True,200,0.7389
True,full,heuristic,100,1000,100,True,10000,0.7563
True,full,heuristic,0.001,50,50,False,1000,0.7566
True,full,heuristic,100,1000,100,False,200,0.7566
True,full,heuristic,100,1000,100,False,10000,0.7566
True,full,heuristic,100,1000,1000,True,10,0.7566
True,full,heuristic,100,1000,1000,True,200,0.7389
True,full,heuristic,100,1000,1000,True,1000,0.7554
True,full,heuristic,100,1000,1000,True,10000,0.7563
True,full,heuristic,100,1000,1000,False,10,0.7566
True,full,heuristic,100,1000,1000,False,200,0.7566
True,full,heuristic,100,1000,1000,False,1000,0.7566
True,full,heuristic,0.001,50,50,False,10000,0.7566
True,full,heuristic,100,1000,1000,False,10000,0.7566
True,full,heuristic,1000,0.001,1,True,10,0.7566
True,full,heuristic,1000,0.001,1,True,200,0.7389
True,full,heuristic,1000,0.001,1,True,1000,0.7554
True,full,heuristic,1000,0.001,1,True,10000,0.7563
True,full,heuristic,1000,0.001,1,False,10,0.7566
True,full,heuristic,1000,0.001,1,False,200,0.7566
True,full,heuristic,1000,0.001,1,False,1000,0.7566
True,full,heuristic,1000,0.001,1,False,10000,0.7566
True,full,heuristic,1000,0.001,4,True,10,0.7566
True,full,heuristic,0.001,50,100,True,10,0.7566
True,full,heuristic,1000,0.001,4,True,200,0.7389
True,full,heuristic,1000,0.001,4,True,1000,0.7554
True,full,heuristic,1000,0.001,4,True,10000,0.7563
True,full,heuristic,1000,0.001,4,False,10,0.7566
True,full,heuristic,1000,0.001,4,False,200,0.7566
True,full,heuristic,1000,0.001,4,False,1000,0.7566
True,full,heuristic,1000,0.001,4,False,10000,0.7566
True,full,heuristic,1000,0.001,50,True,10,0.7566
True,full,heuristic,1000,0.001,50,True,200,0.7389
True,full,heuristic,1000,0.001,50,True,1000,0.7554
True,full,heuristic,0.001,50,100,True,200,0.7389
True,full,heuristic,1000,0.001,50,True,10000,0.7563
True,full,heuristic,1000,0.001,50,False,10,0.7566
True,full,heuristic,1000,0.001,50,False,200,0.7566
True,full,heuristic,1000,0.001,50,False,1000,0.7566
True,full,heuristic,1000,0.001,50,False,10000,0.7566
True,full,heuristic,1000,0.001,100,True,10,0.7566
True,full,heuristic,1000,0.001,100,True,200,0.7389
True,full,heuristic,1000,0.001,100,True,1000,0.7554
True,full,heuristic,1000,0.001,100,True,10000,0.7563
True,full,heuristic,1000,0.001,100,False,10,0.7566
True,full,heuristic,0.001,50,100,True,1000,0.7554
True,full,heuristic,1000,0.001,100,False,10000,0.7566
True,full,heuristic,1000,0.001,1000,True,10,0.7566
True,full,heuristic,1000,0.001,1000,True,200,0.7389
True,full,heuristic,1000,0.001,1000,True,1000,0.7554
True,full,heuristic,1000,0.001,1000,True,10000,0.7563
True,full,heuristic,1000,0.001,1000,False,10,0.7566
True,full,heuristic,1000,0.001,1000,False,200,0.7566
True,full,heuristic,1000,0.001,1000,False,1000,0.7566
True,full,heuristic,0.001,50,100,True,10000,0.7563
True,full,heuristic,1000,0.001,1000,False,10000,0.7566
True,full,heuristic,1000,0.5,1,True,200,0.7389
True,full,heuristic,1000,0.5,1,True,1000,0.7554
True,full,heuristic,1000,0.5,1,True,10000,0.7563
True,full,heuristic,1000,0.5,1,False,10,0.7566
True,full,heuristic,1000,0.5,1,False,200,0.7566
True,full,heuristic,1000,0.5,1,False,1000,0.7566
True,full,heuristic,1000,0.5,1,False,10000,0.7566
True,full,heuristic,1000,0.5,4,True,10,0.7566
True,full,heuristic,0.001,50,100,False,10,0.7566
True,full,heuristic,1000,0.5,4,True,200,0.7389
True,full,heuristic,1000,0.5,4,True,1000,0.7554
True,full,heuristic,1000,0.5,4,True,10000,0.7563
True,full,heuristic,1000,0.5,4,False,10,0.7566
True,full,heuristic,1000,0.5,4,False,200,0.7566
True,full,heuristic,1000,0.5,4,False,1000,0.7566
True,full,heuristic,1000,0.5,4,False,10000,0.7566
True,full,heuristic,1000,0.5,50,True,10,0.7566
True,full,heuristic,1000,0.5,50,True,200,0.7389
True,full,heuristic,1000,0.5,50,True,1000,0.7554
True,full,heuristic,0.001,0.001,4,False,1000,0.7566
True,full,heuristic,0.001,50,100,False,200,0.7566
True,full,heuristic,1000,0.5,50,True,10000,0.7563
True,full,heuristic,1000,0.5,50,False,10,0.7566
True,full,heuristic,1000,0.5,50,False,200,0.7566
True,full,heuristic,1000,0.5,50,False,1000,0.7566
True,full,heuristic,1000,0.5,50,False,10000,0.7566
True,full,heuristic,1000,0.5,100,True,10,0.7566
True,full,heuristic,1000,0.5,100,True,200,0.7389
True,full,heuristic,1000,0.5,100,True,1000,0.7554
True,full,heuristic,1000,0.5,100,True,10000,0.7563
True,full,heuristic,1000,0.5,100,False,10,0.7566
True,full,heuristic,0.001,50,100,False,1000,0.7566
True,full,heuristic,1000,0.5,100,False,200,0.7566
True,full,heuristic,1000,0.5,100,False,1000,0.7566
True,full,heuristic,1000,0.5,100,False,10000,0.7566
True,full,heuristic,1000,0.5,1000,True,10,0.7566
True,full,heuristic,1000,0.5,1000,True,200,0.7389
True,full,heuristic,1000,0.5,1000,True,1000,0.7554
True,full,heuristic,1000,0.5,1000,True,10000,0.7563
True,full,heuristic,1000,0.5,1000,False,10,0.7566
True,full,heuristic,1000,0.5,1000,False,200,0.7566
True,full,heuristic,1000,0.5,1000,False,1000,0.7566
True,full,heuristic,0.001,50,100,False,10000,0.7566
True,full,heuristic,1000,0.5,1000,False,10000,0.7566
True,full,heuristic,1000,5,1,True,10,0.7566
True,full,heuristic,1000,5,1,True,200,0.7389
True,full,heuristic,1000,5,1,True,1000,0.7554
True,full,heuristic,1000,5,1,True,10000,0.7563
True,full,heuristic,1000,5,1,False,10,0.7566
True,full,heuristic,1000,5,1,False,200,0.7566
True,full,heuristic,1000,5,1,False,1000,0.7566
True,full,heuristic,1000,5,1,False,10000,0.7566
True,full,heuristic,1000,5,4,True,10,0.7566
True,full,heuristic,0.001,50,1000,True,10,0.7566
True,full,heuristic,1000,5,4,True,200,0.7389
True,full,heuristic,1000,5,4,True,10000,0.7563
True,full,heuristic,1000,5,4,False,10,0.7566
True,full,heuristic,1000,5,4,False,200,0.7566
True,full,heuristic,1000,5,4,False,1000,0.7566
True,full,heuristic,1000,5,50,True,200,0.7389
True,full,heuristic,0.001,50,1000,True,200,0.7389
True,full,heuristic,1000,5,100,True,10000,0.7563
True,full,heuristic,1000,5,100,False,10,0.7566
True,full,heuristic,0.001,50,1000,True,1000,0.7554
True,full,heuristic,1000,5,100,False,200,0.7566
True,full,heuristic,1000,5,100,False,1000,0.7566
True,full,heuristic,1000,5,100,False,10000,0.7566
True,full,heuristic,1000,5,1000,True,10,0.7566
True,full,heuristic,1000,5,1000,True,200,0.7389
True,full,heuristic,1000,5,1000,True,1000,0.7554
True,full,heuristic,1000,5,1000,True,10000,0.7563
True,full,heuristic,1000,5,1000,False,10,0.7566
True,full,heuristic,1000,5,1000,False,200,0.7566
True,full,heuristic,1000,5,1000,False,1000,0.7566
True,full,heuristic,0.001,50,1000,True,10000,0.7563
True,full,heuristic,1000,5,1000,False,10000,0.7566
True,full,heuristic,1000,50,1,True,10,0.7566
True,full,heuristic,1000,50,1,True,1000,0.7554
True,full,heuristic,0.001,50,1000,False,10,0.7566
True,full,heuristic,1000,50,4,True,200,0.7389
True,full,heuristic,1000,50,4,True,1000,0.7554
True,full,heuristic,1000,50,4,True,10000,0.7563
True,full,heuristic,1000,50,4,False,10,0.7566
True,full,heuristic,1000,50,4,False,200,0.7566
True,full,heuristic,1000,50,4,False,1000,0.7566
True,full,heuristic,1000,50,4,False,10000,0.7566
True,full,heuristic,1000,50,50,True,10,0.7566
True,full,heuristic,1000,50,50,True,200,0.7389
True,full,heuristic,1000,50,50,True,1000,0.7554
True,full,heuristic,0.001,50,1000,False,200,0.7566
True,full,heuristic,1000,50,50,True,10000,0.7563
True,full,heuristic,1000,50,50,False,10,0.7566
True,full,heuristic,1000,50,50,False,200,0.7566
True,full,heuristic,1000,50,50,False,1000,0.7566
True,full,heuristic,1000,50,50,False,10000,0.7566
True,full,heuristic,1000,50,100,True,10,0.7566
True,full,heuristic,1000,50,100,True,200,0.7389
True,full,heuristic,1000,50,100,True,1000,0.7554
True,full,heuristic,1000,50,100,True,10000,0.7563
True,full,heuristic,1000,50,100,False,10,0.7566
True,full,heuristic,0.001,50,1000,False,1000,0.7566
True,full,heuristic,1000,50,100,False,200,0.7566
True,full,heuristic,1000,50,100,False,10000,0.7566
True,full,heuristic,1000,50,1000,True,10,0.7566
True,full,heuristic,1000,50,1000,True,200,0.7389
True,full,heuristic,1000,50,1000,True,1000,0.7554
True,full,heuristic,1000,50,1000,True,10000,0.7563
True,full,heuristic,1000,50,1000,False,10,0.7566
True,full,heuristic,1000,50,1000,False,200,0.7566
True,full,heuristic,0.001,0.001,4,False,10000,0.7566
True,full,heuristic,0.001,50,1000,False,10000,0.7566
True,full,heuristic,1000,50,1000,False,10000,0.7566
True,full,heuristic,1000,100,1,True,10,0.7566
True,full,heuristic,1000,100,1,True,200,0.7389
True,full,heuristic,1000,100,1,True,1000,0.7554
True,full,heuristic,1000,100,1,True,10000,0.7563
True,full,heuristic,1000,100,1,False,10,0.7566
True,full,heuristic,1000,100,1,False,200,0.7566
True,full,heuristic,1000,100,1,False,1000,0.7566
True,full,heuristic,1000,100,1,False,10000,0.7566
True,full,heuristic,1000,100,4,True,10,0.7566
True,full,heuristic,0.001,100,1,True,10,0.7566
True,full,heuristic,1000,100,4,True,1000,0.7554
True,full,heuristic,1000,100,4,True,10000,0.7563
True,full,heuristic,1000,100,4,False,10,0.7566
True,full,heuristic,1000,100,4,False,200,0.7566
True,full,heuristic,1000,100,4,False,1000,0.7566
True,full,heuristic,1000,100,4,False,10000,0.7566
True,full,heuristic,1000,100,50,True,10,0.7566
True,full,heuristic,1000,100,50,True,200,0.7389
True,full,heuristic,1000,100,50,True,1000,0.7554
True,full,heuristic,0.001,100,1,True,200,0.7389
True,full,heuristic,1000,100,50,True,10000,0.7563
True,full,heuristic,1000,100,50,False,10,0.7566
True,full,heuristic,1000,100,50,False,200,0.7566
True,full,heuristic,1000,100,50,False,1000,0.7566
True,full,heuristic,1000,100,50,False,10000,0.7566
True,full,heuristic,1000,100,100,True,10,0.7566
True,full,heuristic,1000,100,100,True,200,0.7389
True,full,heuristic,1000,100,100,True,1000,0.7554
True,full,heuristic,1000,100,100,True,10000,0.7563
True,full,heuristic,1000,100,100,False,10,0.7566
True,full,heuristic,0.001,100,1,True,1000,0.7554
True,full,heuristic,1000,100,100,False,200,0.7566
True,full,heuristic,1000,100,100,False,1000,0.7566
True,full,heuristic,1000,100,100,False,10000,0.7566
True,full,heuristic,1000,100,1000,True,10,0.7566
True,full,heuristic,1000,100,1000,True,200,0.7389
True,full,heuristic,1000,100,1000,True,1000,0.7554
True,full,heuristic,1000,100,1000,True,10000,0.7563
True,full,heuristic,1000,100,1000,False,10,0.7566
True,full,heuristic,1000,100,1000,False,200,0.7566
True,full,heuristic,0.001,100,1,True,10000,0.7563
True,full,heuristic,1000,100,1000,False,10000,0.7566
True,full,heuristic,1000,1000,1,True,10000,0.7563
True,full,heuristic,1000,1000,1,False,200,0.7566
True,full,heuristic,1000,1000,1,False,1000,0.7566
True,full,heuristic,1000,1000,1,False,10000,0.7566
True,full,heuristic,1000,1000,4,True,10,0.7566
True,full,heuristic,0.001,100,1,False,10,0.7566
True,full,heuristic,1000,1000,4,True,200,0.7389
True,full,heuristic,1000,1000,4,True,1000,0.7554
True,full,heuristic,1000,1000,4,True,10000,0.7563
True,full,heuristic,1000,1000,4,False,10,0.7566
True,full,heuristic,1000,1000,4,False,200,0.7566
True,full,heuristic,1000,1000,4,False,1000,0.7566
True,full,heuristic,1000,1000,4,False,10000,0.7566
True,full,heuristic,1000,1000,50,True,10,0.7566
True,full,heuristic,1000,1000,50,True,200,0.7389
True,full,heuristic,1000,1000,50,True,1000,0.7554
True,full,heuristic,0.001,100,1,False,200,0.7566
True,full,heuristic,1000,1000,50,True,10000,0.7563
True,full,heuristic,1000,1000,50,False,10,0.7566
True,full,heuristic,1000,1000,50,False,200,0.7566
True,full,heuristic,1000,1000,50,False,1000,0.7566
True,full,heuristic,1000,1000,100,True,10,0.7566
True,full,heuristic,1000,1000,100,False,10,0.7566
True,full,heuristic,0.001,100,1,False,1000,0.7566
True,full,heuristic,1000,1000,1000,False,10,0.7566
True,full,heuristic,1000,1000,1000,False,200,0.7566
True,full,heuristic,1000,1000,1000,False,1000,0.7566
True,full,heuristic,0.001,100,1,False,10000,0.7566
True,full,heuristic,1000,1000,1000,False,10000,0.7566
True,full,fix,0.001,0.001,1,True,10,0.8746
True,full,fix,0.001,0.001,1,True,200,0.4266
True,full,fix,0.001,0.001,1,True,1000,0.9306
True,full,fix,0.001,0.001,1,True,10000,0.8766
True,full,fix,0.001,0.001,1,False,10,0.8746
True,full,fix,0.001,0.001,1,False,200,0.8746
True,full,fix,0.001,0.001,1,False,1000,0.8746
True,full,fix,0.001,0.001,1,False,10000,0.8746
True,full,fix,0.001,0.001,4,True,10,0.8746
True,full,heuristic,0.001,100,4,True,10,0.7566
True,full,fix,0.001,0.001,4,True,200,0.4266
True,full,fix,0.001,0.001,4,True,1000,0.9306
True,full,fix,0.001,0.001,4,True,10000,0.8766
True,full,fix,0.001,0.001,4,False,10,0.8746
True,full,fix,0.001,0.001,4,False,200,0.8746
True,full,fix,0.001,0.001,4,False,1000,0.8746
True,full,fix,0.001,0.001,4,False,10000,0.8746
True,full,fix,0.001,0.001,50,True,10,0.8746
True,full,fix,0.001,0.001,50,True,200,0.4266
True,full,fix,0.001,0.001,50,True,1000,0.9306
True,full,heuristic,0.001,0.001,50,True,10,0.7566
True,full,heuristic,0.001,100,4,True,200,0.7389
True,full,fix,0.001,0.001,50,True,10000,0.8766
True,full,fix,0.001,0.001,50,False,10,0.8746
True,full,fix,0.001,0.001,50,False,200,0.8746
True,full,fix,0.001,0.001,50,False,1000,0.8746
True,full,fix,0.001,0.001,50,False,10000,0.8746
True,full,fix,0.001,0.001,100,True,10,0.8746
True,full,fix,0.001,0.001,100,True,200,0.4266
True,full,fix,0.001,0.001,100,True,1000,0.9306
True,full,fix,0.001,0.001,100,True,10000,0.8766
True,full,fix,0.001,0.001,100,False,10,0.8746
True,full,heuristic,0.001,100,4,True,1000,0.7554
True,full,fix,0.001,0.001,100,False,200,0.8746
True,full,fix,0.001,0.001,100,False,1000,0.8746
True,full,fix,0.001,0.001,100,False,10000,0.8746
True,full,fix,0.001,0.001,1000,True,10,0.8746
True,full,fix,0.001,0.001,1000,True,200,0.4266
True,full,fix,0.001,0.001,1000,True,1000,0.9306
True,full,fix,0.001,0.001,1000,True,10000,0.8766
True,full,fix,0.001,0.001,1000,False,10,0.8746
True,full,fix,0.001,0.001,1000,False,200,0.8746
True,full,fix,0.001,0.001,1000,False,1000,0.8746
True,full,heuristic,0.001,100,4,True,10000,0.7563
True,full,fix,0.001,0.001,1000,False,10000,0.8746
True,full,fix,0.001,0.5,1,True,10,0.8746
True,full,fix,0.001,0.5,1,True,200,0.4266
True,full,fix,0.001,0.5,1,True,1000,0.9306
True,full,fix,0.001,0.5,1,True,10000,0.8766
True,full,fix,0.001,0.5,1,False,10,0.8746
True,full,fix,0.001,0.5,1,False,200,0.8746
True,full,fix,0.001,0.5,1,False,1000,0.8746
True,full,fix,0.001,0.5,1,False,10000,0.8746
True,full,fix,0.001,0.5,4,True,10,0.8746
True,full,heuristic,0.001,100,4,False,10,0.7566
True,full,fix,0.001,0.5,4,True,200,0.4266
True,full,fix,0.001,0.5,4,True,1000,0.9306
True,full,fix,0.001,0.5,4,True,10000,0.8766
True,full,fix,0.001,0.5,4,False,10,0.8746
True,full,fix,0.001,0.5,4,False,200,0.8746
True,full,fix,0.001,0.5,4,False,1000,0.8746
True,full,fix,0.001,0.5,4,False,10000,0.8746
True,full,fix,0.001,0.5,50,True,200,0.4266
True,full,fix,0.001,0.5,50,True,1000,0.9306
True,full,heuristic,0.001,100,4,False,200,0.7566
True,full,fix,0.001,0.5,50,True,10000,0.8766
True,full,fix,0.001,0.5,50,False,10,0.8746
True,full,fix,0.001,0.5,50,False,200,0.8746
True,full,fix,0.001,0.5,50,False,1000,0.8746
True,full,fix,0.001,0.5,50,False,10000,0.8746
True,full,fix,0.001,0.5,100,True,10,0.8746
True,full,fix,0.001,0.5,100,True,200,0.4266
True,full,fix,0.001,0.5,100,True,1000,0.9306
True,full,fix,0.001,0.5,100,True,10000,0.8766
True,full,fix,0.001,0.5,100,False,10,0.8746
True,full,heuristic,0.001,100,4,False,1000,0.7566
True,full,fix,0.001,0.5,100,False,200,0.8746
True,full,fix,0.001,0.5,100,False,1000,0.8746
True,full,fix,0.001,0.5,100,False,10000,0.8746
True,full,fix,0.001,0.5,1000,True,10,0.8746
True,full,fix,0.001,0.5,1000,True,200,0.4266
True,full,fix,0.001,0.5,1000,True,1000,0.9306
True,full,fix,0.001,0.5,1000,True,10000,0.8766
True,full,fix,0.001,0.5,1000,False,10,0.8746
True,full,fix,0.001,0.5,1000,False,200,0.8746
True,full,fix,0.001,0.5,1000,False,1000,0.8746
True,full,heuristic,0.001,100,4,False,10000,0.7566
True,full,fix,0.001,0.5,1000,False,10000,0.8746
True,full,fix,0.001,5,1,True,10,0.8746
True,full,fix,0.001,5,1,True,200,0.4266
True,full,fix,0.001,5,1,True,1000,0.9306
True,full,fix,0.001,5,1,True,10000,0.8766
True,full,fix,0.001,5,1,False,10,0.8746
True,full,fix,0.001,5,1,False,200,0.8746
True,full,fix,0.001,5,1,False,1000,0.8746
True,full,fix,0.001,5,1,False,10000,0.8746
True,full,fix,0.001,5,4,True,10,0.8746
True,full,heuristic,0.001,100,50,True,10,0.7566
True,full,fix,0.001,5,4,True,200,0.4266
True,full,fix,0.001,5,4,True,1000,0.9306
True,full,fix,0.001,5,4,True,10000,0.8766
True,full,fix,0.001,5,4,False,10,0.8746
True,full,fix,0.001,5,4,False,200,0.8746
True,full,fix,0.001,5,4,False,1000,0.8746
True,full,fix,0.001,5,50,True,200,0.4266
True,full,fix,0.001,5,50,True,1000,0.9306
True,full,heuristic,0.001,100,50,True,200,0.7389
True,full,fix,0.001,5,50,True,10000,0.8766
True,full,fix,0.001,5,50,False,10,0.8746
True,full,fix,0.001,5,50,False,200,0.8746
True,full,fix,0.001,5,50,False,1000,0.8746
True,full,fix,0.001,5,50,False,10000,0.8746
True,full,fix,0.001,5,100,True,10,0.8746
True,full,fix,0.001,5,100,True,200,0.4266
True,full,fix,0.001,5,100,True,1000,0.9306
True,full,fix,0.001,5,100,True,10000,0.8766
True,full,fix,0.001,5,100,False,10,0.8746
True,full,heuristic,0.001,100,50,True,1000,0.7554
True,full,fix,0.001,5,100,False,200,0.8746
True,full,fix,0.001,5,100,False,1000,0.8746
True,full,fix,0.001,5,100,False,10000,0.8746
True,full,fix,0.001,5,1000,True,10,0.8746
True,full,fix,0.001,5,1000,True,200,0.4266
True,full,fix,0.001,5,1000,True,1000,0.9306
True,full,fix,0.001,5,1000,True,10000,0.8766
True,full,fix,0.001,5,1000,False,10,0.8746
True,full,fix,0.001,5,1000,False,1000,0.8746
True,full,heuristic,0.001,0.001,50,True,200,0.7389
True,full,heuristic,0.001,100,50,True,10000,0.7563
True,full,fix,0.001,5,1000,False,10000,0.8746
True,full,fix,0.001,50,1,True,10,0.8746
True,full,fix,0.001,50,1,True,200,0.4266
True,full,fix,0.001,50,1,True,1000,0.9306
True,full,fix,0.001,50,1,True,10000,0.8766
True,full,fix,0.001,50,1,False,10,0.8746
True,full,fix,0.001,50,1,False,200,0.8746
True,full,fix,0.001,50,1,False,1000,0.8746
True,full,fix,0.001,50,1,False,10000,0.8746
True,full,fix,0.001,50,4,True,10,0.8746
True,full,heuristic,0.001,100,50,False,10,0.7566
True,full,fix,0.001,50,4,True,200,0.4266
True,full,fix,0.001,50,4,True,1000,0.9306
True,full,fix,0.001,50,4,True,10000,0.8766
True,full,fix,0.001,50,4,False,10,0.8746
True,full,fix,0.001,50,4,False,200,0.8746
True,full,fix,0.001,50,4,False,1000,0.8746
True,full,fix,0.001,50,4,False,10000,0.8746
True,full,fix,0.001,50,50,True,10,0.8746
True,full,fix,0.001,50,50,True,200,0.4266
True,full,fix,0.001,50,50,True,1000,0.9306
True,full,heuristic,0.001,100,50,False,200,0.7566
True,full,fix,0.001,50,50,True,10000,0.8766
True,full,fix,0.001,50,50,False,200,0.8746
True,full,fix,0.001,50,50,False,1000,0.8746
True,full,fix,0.001,50,50,False,10000,0.8746
True,full,fix,0.001,50,100,True,10,0.8746
True,full,fix,0.001,50,100,True,200,0.4266
True,full,fix,0.001,50,100,True,1000,0.9306
True,full,fix,0.001,50,100,True,10000,0.8766
True,full,fix,0.001,50,100,False,10,0.8746
True,full,heuristic,0.001,100,50,False,1000,0.7566
True,full,fix,0.001,50,100,False,200,0.8746
True,full,fix,0.001,50,100,False,1000,0.8746
True,full,fix,0.001,50,100,False,10000,0.8746
True,full,fix,0.001,50,1000,True,10,0.8746
True,full,fix,0.001,50,1000,True,200,0.4266
True,full,fix,0.001,50,1000,True,1000,0.9306
True,full,fix,0.001,50,1000,True,10000,0.8766
True,full,fix,0.001,50,1000,False,200,0.8746
True,full,fix,0.001,50,1000,False,1000,0.8746
True,full,heuristic,0.001,100,50,False,10000,0.7566
True,full,fix,0.001,50,1000,False,10000,0.8746
True,full,fix,0.001,100,1,True,10,0.8746
True,full,fix,0.001,100,1,True,200,0.4266
True,full,fix,0.001,100,1,True,1000,0.9306
True,full,fix,0.001,100,1,True,10000,0.8766
True,full,fix,0.001,100,1,False,10,0.8746
True,full,fix,0.001,100,1,False,200,0.8746
True,full,fix,0.001,100,1,False,1000,0.8746
True,full,heuristic,0.001,100,100,True,10,0.7566
True,full,fix,0.001,100,4,True,1000,0.9306
True,full,fix,0.001,100,4,True,10000,0.8766
True,full,fix,0.001,100,4,False,10,0.8746
True,full,fix,0.001,100,4,False,200,0.8746
True,full,fix,0.001,100,4,False,1000,0.8746
True,full,fix,0.001,100,4,False,10000,0.8746
True,full,fix,0.001,100,50,True,10,0.8746
True,full,fix,0.001,100,50,True,200,0.4266
True,full,fix,0.001,100,50,True,1000,0.9306
True,full,heuristic,0.001,100,100,True,200,0.7389
True,full,fix,0.001,100,50,True,10000,0.8766
True,full,fix,0.001,100,50,False,10,0.8746
True,full,fix,0.001,100,50,False,200,0.8746
True,full,fix,0.001,100,50,False,1000,0.8746
True,full,fix,0.001,100,50,False,10000,0.8746
True,full,fix,0.001,100,100,True,10,0.8746
True,full,fix,0.001,100,100,True,200,0.4266
True,full,fix,0.001,100,100,True,1000,0.9306
True,full,fix,0.001,100,100,True,10000,0.8766
True,full,fix,0.001,100,100,False,10,0.8746
True,full,heuristic,0.001,100,100,True,1000,0.7554
True,full,fix,0.001,100,100,False,200,0.8746
True,full,fix,0.001,100,100,False,1000,0.8746
True,full,fix,0.001,100,100,False,10000,0.8746
True,full,fix,0.001,100,1000,True,10,0.8746
True,full,fix,0.001,100,1000,True,200,0.4266
True,full,fix,0.001,100,1000,True,1000,0.9306
True,full,fix,0.001,100,1000,False,200,0.8746
True,full,fix,0.001,100,1000,False,1000,0.8746
True,full,heuristic,0.001,100,100,True,10000,0.7563
True,full,fix,0.001,100,1000,False,10000,0.8746
True,full,fix,0.001,1000,1,True,10,0.8746
True,full,fix,0.001,1000,1,True,200,0.4266
True,full,fix,0.001,1000,1,True,1000,0.9306
True,full,fix,0.001,1000,1,True,10000,0.8766
True,full,fix,0.001,1000,1,False,10,0.8746
True,full,fix,0.001,1000,1,False,200,0.8746
True,full,fix,0.001,1000,1,False,1000,0.8746
True,full,fix,0.001,1000,1,False,10000,0.8746
True,full,fix,0.001,1000,4,True,10,0.8746
True,full,heuristic,0.001,100,100,False,10,0.7566
True,full,fix,0.001,1000,4,True,200,0.4266
True,full,fix,0.001,1000,4,True,1000,0.9306
True,full,fix,0.001,1000,4,True,10000,0.8766
True,full,fix,0.001,1000,4,False,1000,0.8746
True,full,fix,0.001,1000,4,False,10000,0.8746
True,full,fix,0.001,1000,50,True,10,0.8746
True,full,fix,0.001,1000,50,True,200,0.4266
True,full,fix,0.001,1000,50,True,1000,0.9306
True,full,heuristic,0.001,100,100,False,200,0.7566
True,full,fix,0.001,1000,50,True,10000,0.8766
True,full,fix,0.001,1000,50,False,10,0.8746
True,full,fix,0.001,1000,50,False,200,0.8746
True,full,fix,0.001,1000,50,False,1000,0.8746
True,full,fix,0.001,1000,100,True,10,0.8746
True,full,fix,0.001,1000,100,True,200,0.4266
True,full,fix,0.001,1000,100,True,1000,0.9306
True,full,fix,0.001,1000,100,True,10000,0.8766
True,full,heuristic,0.001,100,100,False,1000,0.7566
True,full,fix,0.001,1000,100,False,200,0.8746
True,full,fix,0.001,1000,100,False,1000,0.8746
True,full,fix,0.001,1000,100,False,10000,0.8746
True,full,fix,0.001,1000,1000,True,10,0.8746
True,full,fix,0.001,1000,1000,True,200,0.4266
True,full,fix,0.001,1000,1000,True,1000,0.9306
True,full,fix,0.001,1000,1000,True,10000,0.8766
True,full,fix,0.001,1000,1000,False,10,0.8746
True,full,fix,0.001,1000,1000,False,200,0.8746
True,full,fix,0.001,1000,1000,False,1000,0.8746
True,full,heuristic,0.001,100,100,False,10000,0.7566
True,full,fix,0.001,1000,1000,False,10000,0.8746
True,full,fix,0.5,0.001,1,True,10,0.1818
True,full,fix,0.5,0.001,1,True,1000,0.2257
True,full,fix,0.5,0.001,1,True,10000,0.1817
True,full,fix,0.5,0.001,1,False,10,0.1818
True,full,fix,0.5,0.001,1,False,1000,0.1818
True,full,fix,0.5,0.001,4,True,10,0.1818
True,full,heuristic,0.001,100,1000,True,10,0.7566
True,full,fix,0.5,0.001,4,True,200,0.2121
True,full,fix,0.5,0.001,4,True,1000,0.2257
True,full,fix,0.5,0.001,4,True,10000,0.1817
True,full,fix,0.5,0.001,4,False,10000,0.1818
True,full,fix,0.5,0.001,50,True,10,0.1818
True,full,fix,0.5,0.001,50,True,1000,0.2257
True,full,heuristic,0.001,100,1000,True,200,0.7389
True,full,fix,0.5,0.001,50,True,10000,0.1817
True,full,fix,0.5,0.001,100,True,1000,0.2257
True,full,fix,0.5,0.001,100,True,10000,0.1817
True,full,heuristic,0.001,100,1000,True,1000,0.7554
True,full,fix,0.5,0.001,100,False,10000,0.1818
True,full,fix,0.5,0.001,1000,True,10,0.1818
True,full,fix,0.5,0.001,1000,True,1000,0.2257
True,full,fix,0.5,0.001,1000,True,10000,0.1817
True,full,heuristic,0.001,100,1000,True,10000,0.7563
True,full,fix,0.5,0.001,1000,False,10000,0.1818
True,full,fix,0.5,0.5,1,True,10,0.1818
True,full,fix,0.5,0.5,1,True,1000,0.2257
True,full,fix,0.5,0.5,1,True,10000,0.1817
True,full,fix,0.5,0.5,1,False,10000,0.1818
True,full,fix,0.5,0.5,4,True,10,0.1818
True,full,heuristic,0.001,100,1000,False,10,0.7566
True,full,fix,0.5,0.5,4,True,1000,0.2257
True,full,fix,0.5,0.5,4,True,10000,0.1817
True,full,fix,0.5,0.5,50,True,10,0.1818
True,full,fix,0.5,0.5,50,True,200,0.2121
True,full,fix,0.5,0.5,50,True,1000,0.2257
True,full,heuristic,0.001,100,1000,False,200,0.7566
True,full,fix,0.5,0.5,50,True,10000,0.1817
True,full,fix,0.5,0.5,50,False,10000,0.1818
True,full,fix,0.5,0.5,100,True,10,0.1818
True,full,fix,0.5,0.5,100,True,1000,0.2257
True,full,fix,0.5,0.5,100,True,10000,0.1817
True,full,heuristic,0.001,100,1000,False,1000,0.7566
True,full,fix,0.5,0.5,100,False,10000,0.1818
True,full,fix,0.5,0.5,1000,True,10,0.1818
True,full,fix,0.5,0.5,1000,True,1000,0.2257
True,full,fix,0.5,0.5,1000,True,10000,0.1817
True,full,heuristic,0.001,0.001,1,True,200,0.7389
True,full,heuristic,0.001,0.001,50,True,10000,0.7563
True,full,heuristic,0.001,100,1000,False,10000,0.7566
True,full,fix,0.5,5,1,True,200,0.2121
True,full,fix,0.5,5,1,True,1000,0.2257
True,full,fix,0.5,5,1,True,10000,0.1817
True,full,fix,0.5,5,1,False,10,0.1818
True,full,fix,0.5,5,1,False,1000,0.1818
True,full,heuristic,0.001,1000,1,True,10,0.7566
True,full,fix,0.5,5,4,True,200,0.2121
True,full,fix,0.5,5,4,True,1000,0.2257
True,full,fix,0.5,5,4,True,10000,0.1817
True,full,fix,0.5,5,4,False,10000,0.1818
True,full,fix,0.5,5,50,True,10,0.1818
True,full,fix,0.5,5,50,True,1000,0.2257
True,full,heuristic,0.001,1000,1,True,200,0.7389
True,full,fix,0.5,5,50,False,10,0.1818
True,full,fix,0.5,5,100,True,10000,0.1817
True,full,fix,0.5,5,100,False,10,0.1818
True,full,heuristic,0.001,1000,1,True,1000,0.7554
True,full,fix,0.5,5,100,False,200,0.1818
True,full,fix,0.5,5,100,False,10000,0.1818
True,full,fix,0.5,5,1000,True,10,0.1818
True,full,fix,0.5,5,1000,True,1000,0.2257
True,full,fix,0.5,5,1000,True,10000,0.1817
True,full,fix,0.5,5,1000,False,10,0.1818
True,full,fix,0.5,5,1000,False,1000,0.1818
True,full,heuristic,0.001,1000,1,True,10000,0.7563
True,full,fix,0.5,50,1,True,10,0.1818
True,full,fix,0.5,50,1,True,200,0.2121
True,full,fix,0.5,50,1,True,1000,0.2257
True,full,fix,0.5,50,1,True,10000,0.1817
True,full,fix,0.5,50,1,False,10000,0.1818
True,full,fix,0.5,50,4,True,10,0.1818
True,full,heuristic,0.001,1000,1,False,10,0.7566
True,full,fix,0.5,50,4,True,1000,0.2257
True,full,fix,0.5,50,4,True,10000,0.1817
True,full,fix,0.5,50,4,False,10000,0.1818
True,full,fix,0.5,50,50,True,10,0.1818
True,full,fix,0.5,50,50,True,1000,0.2257
True,full,fix,0.5,50,50,True,10000,0.1817
True,full,fix,0.5,50,50,False,10000,0.1818
True,full,fix,0.5,50,100,True,10,0.1818
True,full,fix,0.5,50,100,True,1000,0.2257
True,full,fix,0.5,50,100,True,10000,0.1817
True,full,heuristic,0.001,1000,1,False,1000,0.7566
True,full,fix,0.5,50,1000,True,10,0.1818
True,full,heuristic,0.001,1000,1,False,10000,0.7566
True,full,fix,0.5,100,1,True,200,0.2121
True,full,fix,0.5,100,1,True,1000,0.2257
True,full,fix,0.5,100,1,True,10000,0.1817
True,full,fix,0.5,100,1,False,10000,0.1818
True,full,fix,0.5,100,4,True,10,0.1818
True,full,heuristic,0.001,1000,4,True,10,0.7566
True,full,fix,0.5,100,4,True,1000,0.2257
True,full,fix,0.5,100,4,True,10000,0.1817
True,full,fix,0.5,100,4,False,10000,0.1818
True,full,fix,0.5,100,50,True,10,0.1818
True,full,fix,0.5,100,50,True,1000,0.2257
True,full,heuristic,0.001,0.001,50,False,10,0.7566
True,full,heuristic,0.001,1000,4,True,200,0.7389
True,full,fix,0.5,100,50,True,10000,0.1817
True,full,fix,0.5,100,50,False,10000,0.1818
True,full,fix,0.5,100,100,True,10,0.1818
True,full,fix,0.5,100,100,True,1000,0.2257
True,full,fix,0.5,100,100,True,10000,0.1817
True,full,heuristic,0.001,1000,4,True,1000,0.7554
True,full,fix,0.5,100,100,False,10000,0.1818
True,full,fix,0.5,100,1000,True,10,0.1818
True,full,fix,0.5,100,1000,True,1000,0.2257
True,full,fix,0.5,100,1000,True,10000,0.1817
True,full,heuristic,0.001,1000,4,True,10000,0.7563
True,full,fix,0.5,100,1000,False,10000,0.1818
True,full,fix,0.5,1000,1,True,10,0.1818
True,full,fix,0.5,1000,1,True,200,0.2121
True,full,fix,0.5,1000,1,True,1000,0.2257
True,full,fix,0.5,1000,1,True,10000,0.1817
True,full,fix,0.5,1000,1,False,10,0.1818
True,full,fix,0.5,1000,1,False,1000,0.1818
True,full,fix,0.5,1000,4,True,10,0.1818
True,full,heuristic,0.001,1000,4,False,10,0.7566
True,full,fix,0.5,1000,4,True,200,0.2121
True,full,fix,0.5,1000,4,True,1000,0.2257
True,full,fix,0.5,1000,4,True,10000,0.1817
True,full,fix,0.5,1000,4,False,10,0.1818
True,full,fix,0.5,1000,4,False,10000,0.1818
True,full,fix,0.5,1000,50,True,10,0.1818
True,full,heuristic,0.001,1000,4,False,200,0.7566
True,full,fix,0.5,1000,50,True,10000,0.1817
True,full,fix,0.5,1000,50,False,10,0.1818
True,full,fix,0.5,1000,50,False,1000,0.1818
True,full,fix,0.5,1000,100,True,200,0.2121
True,full,fix,0.5,1000,100,True,1000,0.2257
True,full,fix,0.5,1000,100,True,10000,0.1817
True,full,heuristic,0.001,1000,4,False,1000,0.7566
True,full,fix,0.5,1000,100,False,10000,0.1818
True,full,fix,0.5,1000,1000,True,10,0.1818
True,full,fix,0.5,1000,1000,True,1000,0.2257
True,full,fix,0.5,1000,1000,True,10000,0.1817
True,full,heuristic,0.001,1000,4,False,10000,0.7566
True,full,fix,0.5,1000,1000,False,10000,0.1818
True,full,fix,1,0.001,1,True,10,0.1179
True,full,fix,1,0.001,1,True,1000,0.1151
True,full,fix,1,0.001,1,True,10000,0.1177
True,full,fix,1,0.001,1,False,10000,0.1179
True,full,fix,1,0.001,4,True,10,0.1179
True,full,heuristic,0.001,1000,50,True,10,0.7566
True,full,fix,1,0.001,4,True,200,0.0932
True,full,fix,1,0.001,4,True,1000,0.1151
True,full,fix,1,0.001,4,True,10000,0.1177
True,full,fix,1,0.001,4,False,10,0.1179
True,full,fix,1,0.001,4,False,1000,0.1179
True,full,fix,1,0.001,50,True,10,0.1179
True,full,fix,1,0.001,50,True,200,0.0932
True,full,fix,1,0.001,50,True,1000,0.1151
True,full,heuristic,0.001,1000,50,True,200,0.7389
True,full,fix,1,0.001,50,True,10000,0.1177
True,full,fix,1,0.001,50,False,10000,0.1179
True,full,fix,1,0.001,100,True,10,0.1179
True,full,fix,1,0.001,100,True,1000,0.1151
True,full,fix,1,0.001,100,True,10000,0.1177
True,full,fix,1,0.001,100,False,10,0.1179
True,full,heuristic,0.001,1000,50,True,1000,0.7554
True,full,fix,1,0.001,100,False,1000,0.1179
True,full,fix,1,0.001,1000,True,200,0.0932
True,full,fix,1,0.001,1000,True,1000,0.1151
True,full,fix,1,0.001,1000,True,10000,0.1177
True,full,heuristic,0.001,0.001,50,False,200,0.7566
True,full,heuristic,0.001,1000,50,True,10000,0.7563
True,full,heuristic,0.001,1000,50,False,10,0.7566
True,full,heuristic,0.001,1000,50,False,200,0.7566
True,full,heuristic,0.001,1000,50,False,1000,0.7566
True,full,heuristic,0.001,1000,50,False,10000,0.7566
True,full,heuristic,0.001,1000,100,True,10,0.7566
True,full,heuristic,0.001,1000,100,True,200,0.7389
True,full,heuristic,0.001,1000,100,True,1000,0.7554
True,full,heuristic,0.001,1000,100,True,10000,0.7563
True,full,heuristic,0.001,1000,100,False,10,0.7566
True,full,heuristic,0.001,0.001,50,False,1000,0.7566
True,full,heuristic,0.001,1000,100,False,200,0.7566
True,full,heuristic,0.001,1000,100,False,1000,0.7566
True,full,heuristic,0.001,1000,100,False,10000,0.7566
True,full,heuristic,0.001,1000,1000,True,10,0.7566
True,full,heuristic,0.001,1000,1000,True,1000,0.7554
True,full,heuristic,0.001,1000,1000,False,10,0.7566
True,full,heuristic,0.001,1000,1000,False,200,0.7566
True,full,heuristic,0.001,1000,1000,False,1000,0.7566
True,full,heuristic,0.001,0.001,50,False,10000,0.7566
True,full,heuristic,0.001,1000,1000,False,10000,0.7566
True,full,heuristic,0.5,0.001,1,True,10,0.7566
True,full,heuristic,0.5,0.001,1,True,200,0.7389
True,full,heuristic,0.5,0.001,1,True,1000,0.7554
True,full,heuristic,0.5,0.001,1,True,10000,0.7563
True,full,heuristic,0.5,0.001,1,False,200,0.7566
True,full,heuristic,0.5,0.001,1,False,1000,0.7566
True,full,heuristic,0.5,0.001,1,False,10000,0.7566
True,full,heuristic,0.5,0.001,4,True,10,0.7566
True,full,heuristic,0.001,0.001,100,True,10,0.7566
True,full,heuristic,0.5,0.001,4,True,200,0.7389
True,full,heuristic,0.5,0.001,4,True,1000,0.7554
True,full,heuristic,0.5,0.001,4,True,10000,0.7563
True,full,heuristic,0.5,0.001,4,False,200,0.7566
True,full,heuristic,0.5,0.001,4,False,1000,0.7566
True,full,heuristic,0.5,0.001,4,False,10000,0.7566
True,full,heuristic,0.5,0.001,50,True,10,0.7566
True,full,heuristic,0.5,0.001,50,True,200,0.7389
True,full,heuristic,0.5,0.001,50,True,1000,0.7554
True,full,heuristic,0.001,0.001,100,True,200,0.7389
True,full,heuristic,0.5,0.001,50,True,10000,0.7563
True,full,heuristic,0.5,0.001,50,False,10,0.7566
True,full,heuristic,0.5,0.001,50,False,200,0.7566
True,full,heuristic,0.5,0.001,50,False,1000,0.7566
True,full,heuristic,0.5,0.001,50,False,10000,0.7566
True,full,heuristic,0.5,0.001,100,True,10,0.7566
True,full,heuristic,0.5,0.001,100,True,200,0.7389
True,full,heuristic,0.5,0.001,100,True,1000,0.7554
True,full,heuristic,0.5,0.001,100,True,10000,0.7563
True,full,heuristic,0.001,0.001,100,True,1000,0.7554
True,full,heuristic,0.001,0.001,100,True,10000,0.7563
True,full,heuristic,0.5,0.001,1000,False,10000,0.7566
True,full,heuristic,0.5,0.5,1,True,10,0.7566
True,full,heuristic,0.5,0.5,1,True,200,0.7389
True,full,heuristic,0.5,0.5,1,True,1000,0.7554
True,full,heuristic,0.5,0.5,1,True,10000,0.7563
True,full,heuristic,0.5,0.5,1,False,10,0.7566
True,full,heuristic,0.5,0.5,1,False,200,0.7566
True,full,heuristic,0.5,0.5,1,False,1000,0.7566
True,full,heuristic,0.5,0.5,1,False,10000,0.7566
True,full,heuristic,0.5,0.5,4,True,10,0.7566
True,full,heuristic,0.001,0.001,100,False,10,0.7566
True,full,heuristic,0.5,0.5,4,True,200,0.7389
True,full,heuristic,0.5,0.5,4,True,1000,0.7554
True,full,heuristic,0.5,0.5,4,True,10000,0.7563
True,full,heuristic,0.5,0.5,4,False,200,0.7566
True,full,heuristic,0.5,0.5,4,False,1000,0.7566
True,full,heuristic,0.5,0.5,4,False,10000,0.7566
True,full,heuristic,0.5,0.5,50,True,10,0.7566
True,full,heuristic,0.5,0.5,50,True,200,0.7389
True,full,heuristic,0.5,0.5,50,True,1000,0.7554
True,full,heuristic,0.001,0.001,1,True,1000,0.7554
True,full,heuristic,0.001,0.001,100,False,200,0.7566
True,full,heuristic,0.5,0.5,50,True,10000,0.7563
True,full,heuristic,0.5,0.5,50,False,10,0.7566
True,full,heuristic,0.5,0.5,50,False,200,0.7566
True,full,heuristic,0.5,0.5,50,False,1000,0.7566
True,full,heuristic,0.5,0.5,50,False,10000,0.7566
True,full,heuristic,0.5,0.5,100,True,10,0.7566
True,full,heuristic,0.5,0.5,100,True,200,0.7389
True,full,heuristic,0.5,0.5,100,True,1000,0.7554
True,full,heuristic,0.5,0.5,100,True,10000,0.7563
True,full,heuristic,0.5,0.5,100,False,10,0.7566
True,full,heuristic,0.001,0.001,100,False,1000,0.7566
True,full,heuristic,0.5,0.5,100,False,200,0.7566
True,full,heuristic,0.5,0.5,100,False,1000,0.7566
True,full,heuristic,0.5,0.5,100,False,10000,0.7566
True,full,heuristic,0.5,0.5,1000,True,10,0.7566
True,full,heuristic,0.5,0.5,1000,True,200,0.7389
True,full,heuristic,0.5,0.5,1000,True,1000,0.7554
True,full,heuristic,0.5,0.5,1000,True,10000,0.7563
True,full,heuristic,0.5,0.5,1000,False,10,0.7566
True,full,heuristic,0.5,0.5,1000,False,200,0.7566
True,full,heuristic,0.5,0.5,1000,False,1000,0.7566
True,full,heuristic,0.001,0.001,100,False,10000,0.7566
True,full,heuristic,0.5,0.5,1000,False,10000,0.7566
True,full,heuristic,0.5,5,1,True,10,0.7566
True,full,heuristic,0.5,5,1,True,200,0.7389
True,full,heuristic,0.5,5,1,True,1000,0.7554
True,full,heuristic,0.5,5,1,True,10000,0.7563
True,full,heuristic,0.5,5,1,False,10,0.7566
True,full,heuristic,0.5,5,1,False,200,0.7566
True,full,heuristic,0.5,5,1,False,1000,0.7566
True,full,heuristic,0.5,5,1,False,10000,0.7566
True,full,heuristic,0.5,5,4,True,10,0.7566
True,full,heuristic,0.001,0.001,1000,True,10,0.7566
True,full,heuristic,0.5,5,4,True,200,0.7389
True,full,heuristic,0.5,5,4,True,1000,0.7554
True,full,heuristic,0.5,5,4,True,10000,0.7563
True,full,heuristic,0.5,5,4,False,10,0.7566
True,full,heuristic,0.5,5,4,False,200,0.7566
True,full,heuristic,0.5,5,4,False,1000,0.7566
True,full,heuristic,0.5,5,4,False,10000,0.7566
True,full,heuristic,0.5,5,50,True,10,0.7566
True,full,heuristic,0.5,5,50,True,200,0.7389
True,full,heuristic,0.5,5,50,True,1000,0.7554
True,full,heuristic,0.001,0.001,1000,True,200,0.7389
True,full,heuristic,0.5,5,50,True,10000,0.7563
True,full,heuristic,0.5,5,50,False,10,0.7566
True,full,heuristic,0.5,5,50,False,200,0.7566
True,full,heuristic,0.5,5,50,False,1000,0.7566
True,full,heuristic,0.5,5,50,False,10000,0.7566
True,full,heuristic,0.5,5,100,True,10,0.7566
True,full,heuristic,0.5,5,100,True,200,0.7389
True,full,heuristic,0.5,5,100,True,1000,0.7554
True,full,heuristic,0.5,5,100,True,10000,0.7563
True,full,heuristic,0.5,5,100,False,10,0.7566
True,full,heuristic,0.001,0.001,1000,True,1000,0.7554
True,full,heuristic,0.5,5,100,False,200,0.7566
True,full,heuristic,0.5,5,100,False,1000,0.7566
True,full,heuristic,0.5,5,100,False,10000,0.7566
True,full,heuristic,0.5,5,1000,True,10,0.7566
True,full,heuristic,0.5,5,1000,True,200,0.7389
True,full,heuristic,0.5,5,1000,True,1000,0.7554
True,full,heuristic,0.5,5,1000,True,10000,0.7563
True,full,heuristic,0.5,5,1000,False,10,0.7566
True,full,heuristic,0.5,5,1000,False,200,0.7566
True,full,heuristic,0.5,5,1000,False,1000,0.7566
True,full,heuristic,0.001,0.001,1000,True,10000,0.7563
True,full,heuristic,0.5,5,1000,False,10000,0.7566
True,full,heuristic,0.5,50,1,True,10,0.7566
True,full,heuristic,0.5,50,1,True,200,0.7389
True,full,heuristic,0.5,50,1,True,1000,0.7554
True,full,heuristic,0.5,50,1,True,10000,0.7563
True,full,heuristic,0.5,50,1,False,10,0.7566
True,full,heuristic,0.5,50,1,False,200,0.7566
True,full,heuristic,0.5,50,1,False,1000,0.7566
True,full,heuristic,0.5,50,1,False,10000,0.7566
True,full,heuristic,0.001,0.001,1000,False,10,0.7566
True,full,heuristic,0.001,0.001,1000,False,200,0.7566
True,full,heuristic,0.5,50,100,True,1000,0.7554
True,full,heuristic,0.001,0.001,1000,False,1000,0.7566
True,full,heuristic,0.5,50,100,False,10000,0.7566
True,full,heuristic,0.5,50,1000,True,10,0.7566
True,full,heuristic,0.5,50,1000,True,200,0.7389
True,full,heuristic,0.5,50,1000,True,1000,0.7554
True,full,heuristic,0.5,50,1000,True,10000,0.7563
True,full,heuristic,0.5,50,1000,False,10,0.7566
True,full,heuristic,0.5,50,1000,False,200,0.7566
True,full,heuristic,0.5,50,1000,False,1000,0.7566
True,full,heuristic,0.001,0.001,1,True,10000,0.7563
True,full,heuristic,0.001,0.001,1000,False,10000,0.7566
True,full,heuristic,0.5,50,1000,False,10000,0.7566
True,full,heuristic,0.5,100,1,True,10,0.7566
True,full,heuristic,0.5,100,1,True,200,0.7389
True,full,heuristic,0.5,100,1,True,1000,0.7554
True,full,heuristic,0.5,100,1,True,10000,0.7563
True,full,heuristic,0.5,100,1,False,10,0.7566
True,full,heuristic,0.5,100,1,False,200,0.7566
True,full,heuristic,0.5,100,1,False,1000,0.7566
True,full,heuristic,0.5,100,1,False,10000,0.7566
True,full,heuristic,0.5,100,4,True,10,0.7566
True,full,heuristic,0.001,0.5,1,True,10,0.7566
True,full,heuristic,0.5,100,4,True,200,0.7389
True,full,heuristic,0.5,100,4,True,1000,0.7554
True,full,heuristic,0.5,100,4,True,10000,0.7563
True,full,heuristic,0.5,100,4,False,10,0.7566
True,full,heuristic,0.5,100,4,False,200,0.7566
True,full,heuristic,0.5,100,4,False,1000,0.7566
True,full,heuristic,0.5,100,4,False,10000,0.7566
True,full,heuristic,0.5,100,50,True,10,0.7566
True,full,heuristic,0.5,100,50,True,200,0.7389
True,full,heuristic,0.5,100,50,True,1000,0.7554
True,full,heuristic,0.001,0.5,1,True,200,0.7389
True,full,heuristic,0.5,100,50,True,10000,0.7563
True,full,heuristic,0.5,100,50,False,10,0.7566
True,full,heuristic,0.5,100,50,False,200,0.7566
True,full,heuristic,0.5,100,50,False,1000,0.7566
True,full,heuristic,0.5,100,50,False,10000,0.7566
True,full,heuristic,0.5,100,100,True,10,0.7566
True,full,heuristic,0.5,100,100,True,200,0.7389
True,full,heuristic,0.5,100,100,True,1000,0.7554
True,full,heuristic,0.5,100,100,True,10000,0.7563
True,full,heuristic,0.5,100,100,False,10,0.7566
True,full,heuristic,0.001,0.5,1,True,1000,0.7554
True,full,heuristic,0.5,100,100,False,200,0.7566
True,full,heuristic,0.5,100,100,False,1000,0.7566
True,full,heuristic,0.5,100,100,False,10000,0.7566
True,full,heuristic,0.5,100,1000,True,10,0.7566
True,full,heuristic,0.5,100,1000,True,200,0.7389
True,full,heuristic,0.5,100,1000,True,1000,0.7554
True,full,heuristic,0.5,100,1000,True,10000,0.7563
True,full,heuristic,0.5,100,1000,False,10,0.7566
True,full,heuristic,0.5,100,1000,False,200,0.7566
True,full,heuristic,0.5,100,1000,False,1000,0.7566
True,full,heuristic,0.001,0.5,1,True,10000,0.7563
True,full,heuristic,0.5,100,1000,False,10000,0.7566
True,full,heuristic,0.5,1000,1,True,10,0.7566
True,full,heuristic,0.5,1000,1,True,200,0.7389
True,full,heuristic,0.5,1000,1,True,1000,0.7554
True,full,heuristic,0.5,1000,1,True,10000,0.7563
True,full,heuristic,0.5,1000,1,False,10,0.7566
True,full,heuristic,0.5,1000,1,False,200,0.7566
True,full,heuristic,0.5,1000,1,False,1000,0.7566
True,full,heuristic,0.5,1000,1,False,10000,0.7566
True,full,heuristic,0.5,1000,4,True,10,0.7566
True,full,heuristic,0.001,0.5,1,False,10,0.7566
True,full,heuristic,0.5,1000,4,True,1000,0.7554
True,full,heuristic,0.5,1000,4,True,10000,0.7563
True,full,heuristic,0.5,1000,4,False,10,0.7566
True,full,heuristic,0.5,1000,4,False,200,0.7566
True,full,heuristic,0.5,1000,4,False,1000,0.7566
True,full,heuristic,0.5,1000,4,False,10000,0.7566
True,full,heuristic,0.5,1000,50,True,10,0.7566
True,full,heuristic,0.5,1000,50,True,200,0.7389
True,full,heuristic,0.5,1000,50,True,1000,0.7554
True,full,heuristic,0.001,0.5,1,False,200,0.7566
True,full,heuristic,0.5,1000,50,True,10000,0.7563
True,full,heuristic,0.5,1000,50,False,10,0.7566
True,full,heuristic,0.5,1000,50,False,200,0.7566
True,full,heuristic,0.5,1000,50,False,1000,0.7566
True,full,heuristic,0.5,1000,50,False,10000,0.7566
True,full,heuristic,0.5,1000,100,True,10,0.7566
True,full,heuristic,0.5,1000,100,True,200,0.7389
True,full,heuristic,0.5,1000,100,True,1000,0.7554
True,full,heuristic,0.5,1000,100,True,10000,0.7563
True,full,heuristic,0.5,1000,100,False,10,0.7566
True,full,heuristic,0.001,0.5,1,False,1000,0.7566
True,full,heuristic,0.5,1000,100,False,200,0.7566
True,full,heuristic,0.5,1000,100,False,1000,0.7566
True,full,heuristic,0.5,1000,1000,True,200,0.7389
True,full,heuristic,0.5,1000,1000,True,1000,0.7554
True,full,heuristic,0.5,1000,1000,True,10000,0.7563
True,full,heuristic,0.5,1000,1000,False,10,0.7566
True,full,heuristic,0.5,1000,1000,False,200,0.7566
True,full,heuristic,0.5,1000,1000,False,1000,0.7566
True,full,heuristic,0.001,0.5,1,False,10000,0.7566
True,full,heuristic,0.5,1000,1000,False,10000,0.7566
True,full,heuristic,1,0.001,1,True,10,0.7566
True,full,heuristic,1,0.001,1,True,200,0.7389
True,full,heuristic,1,0.001,1,False,10000,0.7566
True,full,heuristic,1,0.001,4,True,10,0.7566
True,full,heuristic,0.001,0.5,4,True,10,0.7566
True,full,heuristic,1,0.001,4,True,200,0.7389
True,full,heuristic,1,0.001,4,True,1000,0.7554
True,full,heuristic,1,0.001,4,True,10000,0.7563
True,full,heuristic,1,0.001,4,False,10,0.7566
True,full,heuristic,1,0.001,4,False,200,0.7566
True,full,heuristic,1,0.001,4,False,1000,0.7566
True,full,heuristic,1,0.001,4,False,10000,0.7566
True,full,heuristic,1,0.001,50,True,10,0.7566
True,full,heuristic,1,0.001,50,True,200,0.7389
True,full,heuristic,1,0.001,50,True,1000,0.7554
True,full,heuristic,0.001,0.001,1,False,10,0.7566
True,full,heuristic,0.001,0.5,4,True,200,0.7389
True,full,heuristic,1,0.001,50,True,10000,0.7563
True,full,heuristic,1,0.001,50,False,10,0.7566
True,full,heuristic,1,0.001,50,False,200,0.7566
True,full,heuristic,1,0.001,50,False,1000,0.7566
True,full,heuristic,1,0.001,50,False,10000,0.7566
True,full,heuristic,1,0.001,100,True,10,0.7566
True,full,heuristic,1,0.001,100,True,200,0.7389
True,full,heuristic,1,0.001,100,True,1000,0.7554
True,full,heuristic,1,0.001,100,True,10000,0.7563
True,full,heuristic,1,0.001,100,False,10,0.7566
True,full,heuristic,0.001,0.5,4,True,1000,0.7554
True,full,heuristic,1,0.001,100,False,200,0.7566
True,full,heuristic,1,0.001,100,False,1000,0.7566
True,full,heuristic,1,0.001,100,False,10000,0.7566
True,full,heuristic,1,0.001,1000,True,10,0.7566
True,full,heuristic,1,0.001,1000,True,200,0.7389
True,full,heuristic,1,0.001,1000,True,1000,0.7554
True,full,heuristic,1,0.001,1000,True,10000,0.7563
True,full,heuristic,1,0.001,1000,False,10,0.7566
True,full,heuristic,1,0.001,1000,False,200,0.7566
True,full,heuristic,1,0.001,1000,False,1000,0.7566
True,full,heuristic,0.001,0.5,4,True,10000,0.7563
True,full,heuristic,1,0.001,1000,False,10000,0.7566
True,full,heuristic,1,0.5,1,True,10,0.7566
True,full,heuristic,1,0.5,1,True,200,0.7389
True,full,heuristic,1,0.5,1,True,1000,0.7554
True,full,heuristic,1,0.5,1,True,10000,0.7563
True,full,heuristic,1,0.5,1,False,200,0.7566
True,full,heuristic,1,0.5,1,False,1000,0.7566
True,full,heuristic,1,0.5,1,False,10000,0.7566
True,full,heuristic,1,0.5,4,True,10,0.7566
True,full,heuristic,0.001,0.5,4,False,10,0.7566
True,full,heuristic,1,0.5,4,True,200,0.7389
True,full,heuristic,1,0.5,4,True,1000,0.7554
True,full,heuristic,1,0.5,4,True,10000,0.7563
True,full,heuristic,1,0.5,4,False,10,0.7566
True,full,heuristic,1,0.5,4,False,200,0.7566
True,full,heuristic,1,0.5,4,False,1000,0.7566
True,full,heuristic,1,0.5,4,False,10000,0.7566
True,full,heuristic,1,0.5,50,True,10,0.7566
True,full,heuristic,1,0.5,50,True,200,0.7389
True,full,heuristic,1,0.5,50,True,1000,0.7554
True,full,heuristic,0.001,0.5,4,False,200,0.7566
True,full,heuristic,1,0.5,50,True,10000,0.7563
True,full,heuristic,1,0.5,50,False,10,0.7566
True,full,heuristic,1,0.5,50,False,200,0.7566
True,full,heuristic,1,0.5,50,False,1000,0.7566
True,full,heuristic,1,0.5,50,False,10000,0.7566
True,full,heuristic,1,0.5,100,True,10,0.7566
True,full,heuristic,1,0.5,100,True,200,0.7389
True,full,heuristic,1,0.5,100,True,1000,0.7554
True,full,heuristic,1,0.5,100,True,10000,0.7563
True,full,heuristic,1,0.5,100,False,10,0.7566
True,full,heuristic,0.001,0.5,4,False,1000,0.7566
True,full,heuristic,1,0.5,100,False,200,0.7566
True,full,heuristic,1,0.5,100,False,1000,0.7566
True,full,heuristic,1,0.5,100,False,10000,0.7566
True,full,heuristic,1,0.5,1000,True,10,0.7566
True,full,heuristic,1,0.5,1000,True,200,0.7389
True,full,heuristic,1,0.5,1000,True,1000,0.7554
True,full,heuristic,1,0.5,1000,True,10000,0.7563
True,full,heuristic,1,0.5,1000,False,10,0.7566
True,full,heuristic,1,0.5,1000,False,200,0.7566
True,full,heuristic,1,0.5,1000,False,1000,0.7566
True,full,heuristic,0.001,0.5,4,False,10000,0.7566
True,full,heuristic,1,0.5,1000,False,10000,0.7566
True,full,heuristic,1,5,1,True,10,0.7566
True,full,heuristic,1,5,1,True,200,0.7389
True,full,heuristic,1,5,1,True,1000,0.7554
True,full,heuristic,1,5,1,True,10000,0.7563
True,full,heuristic,1,5,1,False,10,0.7566
True,full,heuristic,1,5,1,False,200,0.7566
True,full,heuristic,1,5,1,False,1000,0.7566
True,full,heuristic,1,5,1,False,10000,0.7566
True,full,heuristic,1,5,4,True,10,0.7566
True,full,heuristic,0.001,0.5,50,True,10,0.7566
True,full,heuristic,1,5,4,True,200,0.7389
True,full,heuristic,1,5,4,True,1000,0.7554
True,full,heuristic,1,5,4,True,10000,0.7563
True,full,heuristic,1,5,4,False,10,0.7566
True,full,heuristic,1,5,4,False,200,0.7566
True,full,heuristic,1,5,4,False,1000,0.7566
True,full,heuristic,1,5,4,False,10000,0.7566
True,full,heuristic,1,5,50,True,10,0.7566
True,full,heuristic,1,5,50,True,200,0.7389
True,full,heuristic,1,5,50,True,1000,0.7554
True,full,heuristic,0.001,0.5,50,True,200,0.7389
True,full,heuristic,1,5,50,True,10000,0.7563
True,full,heuristic,1,5,50,False,10,0.7566
True,full,heuristic,1,5,50,False,200,0.7566
True,full,heuristic,1,5,50,False,1000,0.7566
True,full,heuristic,1,5,50,False,10000,0.7566
True,full,heuristic,1,5,100,True,10,0.7566
True,full,heuristic,1,5,100,True,200,0.7389
True,full,heuristic,1,5,100,True,1000,0.7554
True,full,heuristic,1,5,100,True,10000,0.7563
True,full,heuristic,1,5,100,False,10,0.7566
True,full,heuristic,0.001,0.5,50,True,1000,0.7554
True,full,heuristic,1,5,100,False,200,0.7566
True,full,heuristic,1,5,100,False,1000,0.7566
True,full,heuristic,1,5,100,False,10000,0.7566
True,full,heuristic,1,5,1000,True,10,0.7566
True,full,heuristic,1,5,1000,True,200,0.7389
True,full,heuristic,1,5,1000,True,1000,0.7554
True,full,heuristic,1,5,1000,True,10000,0.7563
True,full,heuristic,1,5,1000,False,10,0.7566
True,full,heuristic,1,5,1000,False,200,0.7566
True,full,heuristic,1,5,1000,False,1000,0.7566
True,full,heuristic,0.001,0.001,1,False,200,0.7566
True,full,heuristic,0.001,0.5,50,True,10000,0.7563
True,full,heuristic,1,5,1000,False,10000,0.7566
True,full,heuristic,1,50,1,True,10,0.7566
True,full,heuristic,1,50,1,True,200,0.7389
True,full,heuristic,1,50,1,True,1000,0.7554
True,full,heuristic,1,50,1,True,10000,0.7563
True,full,heuristic,1,50,1,False,10,0.7566
True,full,heuristic,1,50,1,False,200,0.7566
True,full,heuristic,1,50,1,False,1000,0.7566
True,full,heuristic,1,50,1,False,10000,0.7566
True,full,heuristic,1,50,4,True,10,0.7566
True,full,heuristic,0.001,0.5,50,False,10,0.7566
True,full,heuristic,1,50,4,True,200,0.7389
True,full,heuristic,1,50,4,True,1000,0.7554
True,full,heuristic,1,50,4,True,10000,0.7563
True,full,heuristic,1,50,4,False,10,0.7566
True,full,heuristic,1,50,4,False,200,0.7566
True,full,heuristic,1,50,4,False,1000,0.7566
True,full,heuristic,1,50,4,False,10000,0.7566
True,full,heuristic,1,50,50,True,10,0.7566
True,full,heuristic,1,50,50,True,200,0.7389
True,full,heuristic,1,50,50,True,1000,0.7554
True,full,heuristic,0.001,0.5,50,False,200,0.7566
True,full,heuristic,1,50,50,True,10000,0.7563
True,full,heuristic,1,50,50,False,10,0.7566
True,full,heuristic,1,50,50,False,200,0.7566
True,full,heuristic,1,50,50,False,1000,0.7566
True,full,heuristic,1,50,50,False,10000,0.7566
True,full,heuristic,1,50,100,True,10,0.7566
True,full,heuristic,1,50,100,True,200,0.7389
True,full,heuristic,1,50,100,True,1000,0.7554
True,full,heuristic,1,50,100,True,10000,0.7563
True,full,heuristic,1,50,100,False,10,0.7566
True,full,heuristic,0.001,0.5,50,False,1000,0.7566
True,full,heuristic,1,50,100,False,200,0.7566
True,full,heuristic,1,50,100,False,10000,0.7566
True,full,heuristic,1,50,1000,True,10,0.7566
True,full,heuristic,1,50,1000,True,200,0.7389
True,full,heuristic,1,50,1000,True,1000,0.7554
True,full,heuristic,1,50,1000,True,10000,0.7563
True,full,heuristic,1,50,1000,False,10,0.7566
True,full,heuristic,1,50,1000,False,200,0.7566
True,full,heuristic,1,50,1000,False,1000,0.7566
True,full,heuristic,0.001,0.5,50,False,10000,0.7566
True,full,heuristic,1,50,1000,False,10000,0.7566
True,full,heuristic,1,100,1,True,10,0.7566
True,full,heuristic,1,100,1,True,200,0.7389
True,full,heuristic,1,100,1,True,1000,0.7554
True,full,heuristic,1,100,1,True,10000,0.7563
True,full,heuristic,1,100,1,False,10,0.7566
True,full,heuristic,1,100,1,False,200,0.7566
True,full,heuristic,1,100,1,False,1000,0.7566
True,full,heuristic,1,100,1,False,10000,0.7566
True,full,heuristic,1,100,4,True,10,0.7566
True,full,heuristic,0.001,0.5,100,True,10,0.7566
True,full,heuristic,1,100,4,True,200,0.7389
True,full,heuristic,1,100,4,True,1000,0.7554
True,full,heuristic,1,100,4,True,10000,0.7563
True,full,heuristic,1,100,4,False,10,0.7566
True,full,heuristic,1,100,4,False,200,0.7566
True,full,heuristic,0.001,0.5,100,True,200,0.7389
True,full,heuristic,0.001,0.5,100,True,1000,0.7554
True,full,heuristic,0.001,0.5,100,True,10000,0.7563
True,full,heuristic,1,100,1000,False,10000,0.7566
True,full,heuristic,1,1000,1,True,10,0.7566
True,full,heuristic,1,1000,1,True,1000,0.7554
True,full,heuristic,1,1000,1,True,10000,0.7563
True,full,heuristic,1,1000,1,False,10,0.7566
True,full,heuristic,1,1000,1,False,200,0.7566
True,full,heuristic,1,1000,1,False,1000,0.7566
True,full,heuristic,1,1000,1,False,10000,0.7566
True,full,heuristic,1,1000,4,True,10,0.7566
True,full,heuristic,0.001,0.5,100,False,10,0.7566
True,full,heuristic,1,1000,4,True,200,0.7389
True,full,heuristic,1,1000,4,True,1000,0.7554
True,full,heuristic,1,1000,4,True,10000,0.7563
True,full,heuristic,1,1000,4,False,10,0.7566
True,full,heuristic,1,1000,4,False,200,0.7566
True,full,heuristic,1,1000,4,False,1000,0.7566
True,full,heuristic,1,1000,4,False,10000,0.7566
True,full,heuristic,1,1000,50,True,10,0.7566
True,full,heuristic,1,1000,50,True,200,0.7389
True,full,heuristic,1,1000,50,True,1000,0.7554
True,full,heuristic,0.001,0.001,1,False,1000,0.7566
True,full,heuristic,0.001,0.5,100,False,200,0.7566
True,full,heuristic,1,1000,50,True,10000,0.7563
True,full,heuristic,1,1000,50,False,10,0.7566
True,full,heuristic,1,1000,50,False,1000,0.7566
True,full,heuristic,1,1000,50,False,10000,0.7566
True,full,heuristic,1,1000,100,True,10,0.7566
True,full,heuristic,1,1000,100,True,200,0.7389
True,full,heuristic,1,1000,100,True,1000,0.7554
True,full,heuristic,1,1000,100,True,10000,0.7563
True,full,heuristic,1,1000,100,False,10,0.7566
True,full,heuristic,0.001,0.5,100,False,1000,0.7566
True,full,heuristic,1,1000,100,False,200,0.7566
True,full,heuristic,1,1000,100,False,1000,0.7566
True,full,heuristic,1,1000,100,False,10000,0.7566
True,full,heuristic,1,1000,1000,True,10,0.7566
True,full,heuristic,1,1000,1000,True,200,0.7389
True,full,heuristic,1,1000,1000,True,1000,0.7554
True,full,heuristic,1,1000,1000,True,10000,0.7563
True,full,heuristic,1,1000,1000,False,10,0.7566
True,full,heuristic,1,1000,1000,False,200,0.7566
True,full,heuristic,1,1000,1000,False,1000,0.7566
True,full,heuristic,0.001,0.5,100,False,10000,0.7566
True,full,heuristic,1,1000,1000,False,10000,0.7566
True,full,heuristic,5,0.001,1,True,200,0.7389
True,full,heuristic,5,0.001,1,True,1000,0.7554
True,full,heuristic,5,0.001,1,True,10000,0.7563
True,full,heuristic,5,0.001,1,False,10,0.7566
True,full,heuristic,5,0.001,1,False,1000,0.7566
True,full,heuristic,5,0.001,1,False,10000,0.7566
True,full,heuristic,5,0.001,4,True,10,0.7566
True,full,heuristic,0.001,0.5,1000,True,10,0.7566
True,full,heuristic,5,0.001,4,True,200,0.7389
True,full,heuristic,5,0.001,4,True,1000,0.7554
True,full,heuristic,5,0.001,4,True,10000,0.7563
True,full,heuristic,5,0.001,4,False,10,0.7566
True,full,heuristic,5,0.001,4,False,200,0.7566
True,full,heuristic,5,0.001,4,False,1000,0.7566
True,full,heuristic,5,0.001,4,False,10000,0.7566
True,full,heuristic,5,0.001,50,True,10,0.7566
True,full,heuristic,5,0.001,50,True,200,0.7389
True,full,heuristic,5,0.001,50,True,1000,0.7554
True,full,heuristic,0.001,0.5,1000,True,200,0.7389
True,full,heuristic,5,0.001,50,True,10000,0.7563
True,full,heuristic,5,0.001,50,False,10,0.7566
True,full,heuristic,5,0.001,50,False,200,0.7566
True,full,heuristic,5,0.001,50,False,1000,0.7566
True,full,heuristic,5,0.001,50,False,10000,0.7566
True,full,heuristic,5,0.001,100,True,10,0.7566
True,full,heuristic,5,0.001,100,True,200,0.7389
True,full,heuristic,5,0.001,100,True,1000,0.7554
True,full,heuristic,5,0.001,100,True,10000,0.7563
True,full,heuristic,5,0.001,100,False,10,0.7566
True,full,heuristic,0.001,0.5,1000,True,1000,0.7554
True,full,heuristic,5,0.001,100,False,200,0.7566
True,full,heuristic,5,0.001,100,False,1000,0.7566
True,full,heuristic,5,0.001,100,False,10000,0.7566
True,full,heuristic,5,0.001,1000,True,10,0.7566
True,full,heuristic,5,0.001,1000,True,200,0.7389
True,full,heuristic,5,0.001,1000,True,1000,0.7554
True,full,heuristic,5,0.001,1000,True,10000,0.7563
True,full,heuristic,5,0.001,1000,False,10,0.7566
True,full,heuristic,5,0.001,1000,False,1000,0.7566
True,full,heuristic,0.001,0.5,1000,True,10000,0.7563
True,full,heuristic,5,0.001,1000,False,10000,0.7566
True,full,heuristic,5,0.5,1,True,10,0.7566
True,full,heuristic,5,0.5,1,True,200,0.7389
True,full,heuristic,5,0.5,1,True,1000,0.7554
True,full,heuristic,5,0.5,1,True,10000,0.7563
True,full,heuristic,5,0.5,1,False,10,0.7566
True,full,heuristic,5,0.5,1,False,200,0.7566
True,full,heuristic,5,0.5,1,False,1000,0.7566
True,full,heuristic,5,0.5,1,False,10000,0.7566
True,full,heuristic,5,0.5,4,True,10,0.7566
True,full,heuristic,0.001,0.5,1000,False,10,0.7566
True,full,heuristic,5,0.5,4,True,10000,0.7563
True,full,heuristic,5,0.5,4,False,10,0.7566
True,full,heuristic,5,0.5,4,False,200,0.7566
True,full,heuristic,5,0.5,4,False,1000,0.7566
True,full,heuristic,5,0.5,4,False,10000,0.7566
True,full,heuristic,5,0.5,50,True,10,0.7566
True,full,heuristic,5,0.5,50,True,200,0.7389
True,full,heuristic,5,0.5,50,True,1000,0.7554
True,full,heuristic,0.001,0.5,1000,False,200,0.7566
True,full,heuristic,5,0.5,50,True,10000,0.7563
True,full,heuristic,5,0.5,50,False,10,0.7566
True,full,heuristic,5,0.5,50,False,200,0.7566
True,full,heuristic,5,0.5,50,False,1000,0.7566
True,full,heuristic,5,0.5,50,False,10000,0.7566
True,full,heuristic,5,0.5,100,True,10,0.7566
True,full,heuristic,5,0.5,100,True,200,0.7389
True,full,heuristic,5,0.5,100,True,1000,0.7554
True,full,heuristic,5,0.5,100,True,10000,0.7563
True,full,heuristic,5,0.5,100,False,10,0.7566
True,full,heuristic,0.001,0.5,1000,False,1000,0.7566
True,full,heuristic,5,0.5,100,False,200,0.7566
True,full,heuristic,5,0.5,100,False,1000,0.7566
True,full,heuristic,5,0.5,100,False,10000,0.7566
True,full,heuristic,5,0.5,1000,True,10,0.7566
True,full,heuristic,5,0.5,1000,True,200,0.7389
True,full,heuristic,5,0.5,1000,True,1000,0.7554
True,full,heuristic,5,0.5,1000,True,10000,0.7563
True,full,heuristic,5,0.5,1000,False,10,0.7566
True,full,heuristic,5,0.5,1000,False,200,0.7566
True,full,heuristic,5,0.5,1000,False,1000,0.7566
True,full,heuristic,0.001,0.001,1,False,10000,0.7566
True,full,heuristic,0.001,0.5,1000,False,10000,0.7566
True,full,heuristic,5,0.5,1000,False,10000,0.7566
True,full,heuristic,5,5,1,True,10,0.7566
True,full,heuristic,5,5,1,True,200,0.7389
True,full,heuristic,5,5,1,True,1000,0.7554
True,full,heuristic,5,5,1,True,10000,0.7563
True,full,heuristic,5,5,1,False,10,0.7566
True,full,heuristic,5,5,1,False,200,0.7566
True,full,heuristic,5,5,1,False,1000,0.7566
True,full,heuristic,5,5,1,False,10000,0.7566
True,full,heuristic,5,5,4,True,10,0.7566
True,full,heuristic,0.001,5,1,True,10,0.7566
True,full,heuristic,5,5,4,True,200,0.7389
True,full,heuristic,5,5,4,True,1000,0.7554
True,full,heuristic,5,5,4,True,10000,0.7563
True,full,heuristic,5,5,4,False,10,0.7566
True,full,heuristic,5,5,4,False,200,0.7566
True,full,heuristic,5,5,4,False,10000,0.7566
True,full,heuristic,5,5,50,True,10,0.7566
True,full,heuristic,5,5,50,True,200,0.7389
True,full,heuristic,5,5,50,True,1000,0.7554
True,full,heuristic,0.001,5,1,True,200,0.7389
True,full,heuristic,5,5,50,True,10000,0.7563
True,full,heuristic,5,5,50,False,10,0.7566
True,full,heuristic,5,5,50,False,200,0.7566
True,full,heuristic,5,5,50,False,1000,0.7566
True,full,heuristic,5,5,50,False,10000,0.7566
True,full,heuristic,5,5,100,True,10,0.7566
True,full,heuristic,5,5,100,True,1000,0.7554
True,full,heuristic,5,5,100,True,10000,0.7563
True,full,heuristic,5,5,100,False,10,0.7566
True,full,heuristic,0.001,5,1,True,1000,0.7554
True,full,heuristic,5,5,100,False,200,0.7566
True,full,heuristic,5,5,100,False,1000,0.7566
True,full,heuristic,5,5,100,False,10000,0.7566
True,full,heuristic,0.001,5,1,True,10000,0.7563
True,full,heuristic,5,50,1,True,10,0.7566
True,full,heuristic,5,50,1,True,200,0.7389
True,full,heuristic,5,50,1,True,1000,0.7554
True,full,heuristic,5,50,1,True,10000,0.7563
True,full,heuristic,5,50,1,False,10,0.7566
True,full,heuristic,5,50,1,False,200,0.7566
True,full,heuristic,5,50,1,False,1000,0.7566
True,full,heuristic,5,50,1,False,10000,0.7566
True,full,heuristic,5,50,4,True,10,0.7566
True,full,heuristic,0.001,5,1,False,10,0.7566
True,full,heuristic,5,50,4,True,200,0.7389
True,full,heuristic,5,50,4,True,1000,0.7554
True,full,heuristic,5,50,4,True,10000,0.7563
True,full,heuristic,5,50,4,False,10,0.7566
True,full,heuristic,5,50,4,False,200,0.7566
True,full,heuristic,5,50,4,False,1000,0.7566
True,full,heuristic,5,50,4,False,10000,0.7566
True,full,heuristic,0.001,5,1,False,200,0.7566
True,full,heuristic,5,50,100,True,10000,0.7563
True,full,heuristic,5,50,100,False,10,0.7566
True,full,heuristic,0.001,5,1,False,1000,0.7566
True,full,heuristic,5,50,100,False,200,0.7566
True,full,heuristic,5,50,100,False,1000,0.7566
True,full,heuristic,5,50,100,False,10000,0.7566
True,full,heuristic,5,50,1000,True,10,0.7566
True,full,heuristic,5,50,1000,True,200,0.7389
True,full,heuristic,5,50,1000,True,1000,0.7554
True,full,heuristic,5,50,1000,True,10000,0.7563
True,full,heuristic,5,50,1000,False,10,0.7566
True,full,heuristic,5,50,1000,False,200,0.7566
True,full,heuristic,5,50,1000,False,1000,0.7566
True,full,heuristic,0.001,5,1,False,10000,0.7566
True,full,heuristic,5,50,1000,False,10000,0.7566
True,full,heuristic,5,100,1,True,10,0.7566
True,full,heuristic,5,100,1,True,200,0.7389
True,full,heuristic,5,100,1,True,1000,0.7554
True,full,heuristic,5,100,1,True,10000,0.7563
True,full,heuristic,5,100,1,False,10,0.7566
True,full,heuristic,5,100,1,False,200,0.7566
True,full,heuristic,5,100,1,False,1000,0.7566
True,full,heuristic,5,100,1,False,10000,0.7566
True,full,heuristic,5,100,4,True,10,0.7566
True,full,heuristic,0.001,5,4,True,10,0.7566
True,full,heuristic,5,100,4,True,1000,0.7554
True,full,heuristic,5,100,4,False,10,0.7566
True,full,heuristic,5,100,4,False,200,0.7566
True,full,heuristic,5,100,4,False,1000,0.7566
True,full,heuristic,5,100,4,False,10000,0.7566
True,full,heuristic,5,100,50,True,10,0.7566
True,full,heuristic,5,100,50,True,200,0.7389
True,full,heuristic,5,100,50,True,1000,0.7554
True,full,heuristic,0.001,0.001,4,True,10,0.7566
True,full,heuristic,0.001,5,4,True,200,0.7389
True,full,heuristic,5,100,50,True,10000,0.7563
True,full,heuristic,5,100,50,False,10,0.7566
True,full,heuristic,5,100,50,False,200,0.7566
True,full,heuristic,5,100,50,False,1000,0.7566
True,full,heuristic,5,100,50,False,10000,0.7566
True,full,heuristic,5,100,100,True,200,0.7389
True,full,heuristic,5,100,100,True,1000,0.7554
True,full,heuristic,5,100,100,True,10000,0.7563
True,full,heuristic,5,100,100,False,10,0.7566
True,full,heuristic,0.001,5,4,True,1000,0.7554
True,full,heuristic,5,100,100,False,200,0.7566
True,full,heuristic,5,100,100,False,1000,0.7566
True,full,heuristic,5,100,100,False,10000,0.7566
True,full,heuristic,5,100,1000,True,10,0.7566
True,full,heuristic,5,100,1000,True,200,0.7389
True,full,heuristic,5,100,1000,True,1000,0.7554
True,full,heuristic,5,100,1000,True,10000,0.7563
True,full,heuristic,5,100,1000,False,10,0.7566
True,full,heuristic,5,100,1000,False,200,0.7566
True,full,heuristic,5,100,1000,False,1000,0.7566
True,full,heuristic,0.001,5,4,True,10000,0.7563
True,full,heuristic,5,100,1000,False,10000,0.7566
True,full,heuristic,5,1000,1,True,10,0.7566
True,full,heuristic,5,1000,1,True,200,0.7389
True,full,heuristic,5,1000,1,True,1000,0.7554
True,full,heuristic,5,1000,1,True,10000,0.7563
True,full,heuristic,5,1000,1,False,10,0.7566
True,full,heuristic,5,1000,1,False,200,0.7566
True,full,heuristic,5,1000,1,False,1000,0.7566
True,full,heuristic,5,1000,1,False,10000,0.7566
True,full,heuristic,5,1000,4,True,10,0.7566
True,full,heuristic,0.001,5,4,False,10,0.7566
True,full,heuristic,5,1000,4,True,200,0.7389
True,full,heuristic,5,1000,4,True,10000,0.7563
True,full,heuristic,5,1000,4,False,10,0.7566
True,full,heuristic,5,1000,4,False,200,0.7566
True,full,heuristic,5,1000,4,False,1000,0.7566
True,full,heuristic,5,1000,4,False,10000,0.7566
True,full,heuristic,5,1000,50,True,10,0.7566
True,full,heuristic,5,1000,50,True,200,0.7389
True,full,heuristic,5,1000,50,True,1000,0.7554
True,full,heuristic,0.001,5,4,False,200,0.7566
True,full,heuristic,5,1000,50,True,10000,0.7563
True,full,heuristic,5,1000,50,False,10,0.7566
True,full,heuristic,5,1000,50,False,200,0.7566
True,full,heuristic,5,1000,50,False,10000,0.7566
True,full,heuristic,0.001,5,4,False,1000,0.7566
True,full,heuristic,5,1000,1000,True,10,0.7566
True,full,heuristic,5,1000,1000,True,200,0.7389
True,full,heuristic,5,1000,1000,True,1000,0.7554
True,full,heuristic,5,1000,1000,True,10000,0.7563
True,full,heuristic,5,1000,1000,False,10,0.7566
True,full,heuristic,5,1000,1000,False,200,0.7566
True,full,heuristic,5,1000,1000,False,1000,0.7566
True,full,heuristic,0.001,5,4,False,10000,0.7566
True,full,heuristic,5,1000,1000,False,10000,0.7566
True,full,heuristic,50,0.001,1,True,10,0.7566
True,full,heuristic,50,0.001,1,True,200,0.7389
True,full,heuristic,50,0.001,1,True,1000,0.7554
True,full,heuristic,50,0.001,1,True,10000,0.7563
True,full,heuristic,50,0.001,1,False,10,0.7566
True,full,heuristic,50,0.001,1,False,200,0.7566
True,full,heuristic,50,0.001,1,False,1000,0.7566
True,full,heuristic,50,0.001,1,False,10000,0.7566
True,full,heuristic,0.001,5,50,True,10,0.7566
True,full,heuristic,50,0.001,4,True,200,0.7389
True,full,heuristic,50,0.001,4,True,1000,0.7554
True,full,heuristic,50,0.001,4,True,10000,0.7563
True,full,heuristic,50,0.001,4,False,10,0.7566
True,full,heuristic,50,0.001,4,False,200,0.7566
True,full,heuristic,50,0.001,4,False,1000,0.7566
True,full,heuristic,50,0.001,4,False,10000,0.7566
True,full,heuristic,50,0.001,50,True,10,0.7566
True,full,heuristic,50,0.001,50,True,200,0.7389
True,full,heuristic,50,0.001,50,True,1000,0.7554
True,full,heuristic,0.001,5,50,True,200,0.7389
True,full,heuristic,50,0.001,50,True,10000,0.7563
True,full,heuristic,50,0.001,50,False,10,0.7566
True,full,heuristic,50,0.001,50,False,200,0.7566
True,full,heuristic,50,0.001,50,False,1000,0.7566
True,full,heuristic,50,0.001,50,False,10000,0.7566
True,full,heuristic,50,0.001,100,True,10,0.7566
True,full,heuristic,50,0.001,100,True,200,0.7389
True,full,heuristic,50,0.001,100,True,1000,0.7554
True,full,heuristic,50,0.001,100,True,10000,0.7563
True,full,heuristic,50,0.001,100,False,10,0.7566
True,full,heuristic,0.001,5,50,True,1000,0.7554
True,full,heuristic,50,0.001,100,False,200,0.7566
True,full,heuristic,50,0.001,100,False,10000,0.7566
True,full,heuristic,50,0.001,1000,True,10,0.7566
True,full,heuristic,50,0.001,1000,True,200,0.7389
True,full,heuristic,50,0.001,1000,True,10000,0.7563
True,full,heuristic,50,0.001,1000,False,200,0.7566
True,full,heuristic,50,0.001,1000,False,1000,0.7566
